date,cust_id,service_id,amount,hour,day_part,month
2025-01-01 08:00:00,151,2,400,8,Morning,1
2025-01-01 09:00:00,192,2,400,9,Morning,1
2025-01-01 10:00:00,114,1,500,10,Morning,1
2025-01-01 11:00:00,171,2,500,11,Morning,1
2025-01-01 12:00:00,160,1,200,12,Afternoon,1
2025-01-01 13:00:00,120,2,300,13,Afternoon,1
2025-01-01 14:00:00,182,2,400,14,Afternoon,1
2025-01-01 15:00:00,186,2,500,15,Afternoon,1
2025-01-01 16:00:00,174,1,400,16,Afternoon,1
2025-01-01 17:00:00,174,4,500,17,Afternoon,1
2025-01-01 18:00:00,187,2,200,18,Evening,1
2025-01-01 19:00:00,199,1,200,19,Evening,1
2025-01-01 20:00:00,123,1,400,20,Evening,1
2025-01-02 08:00:00,102,2,200,8,Morning,1
2025-01-02 09:00:00,121,2,400,9,Morning,1
2025-01-02 10:00:00,152,4,500,10,Morning,1
2025-01-02 11:00:00,101,1,300,11,Morning,1
2025-01-02 12:00:00,187,1,200,12,Afternoon,1
2025-01-02 13:00:00,129,3,500,13,Afternoon,1
2025-01-02 14:00:00,137,1,300,14,Afternoon,1
2025-01-02 15:00:00,101,4,300,15,Afternoon,1
2025-01-02 16:00:00,163,3,300,16,Afternoon,1
2025-01-02 17:00:00,159,3,500,17,Afternoon,1
2025-01-02 18:00:00,120,3,500,18,Evening,1
2025-01-02 19:00:00,132,2,400,19,Evening,1
2025-01-02 20:00:00,175,2,300,20,Evening,1
2025-01-03 08:00:00,157,1,300,8,Morning,1
2025-01-03 09:00:00,121,3,300,9,Morning,1
2025-01-03 10:00:00,188,4,400,10,Morning,1
2025-01-03 11:00:00,148,2,300,11,Morning,1
2025-01-03 12:00:00,190,4,500,12,Afternoon,1
2025-01-03 13:00:00,158,4,300,13,Afternoon,1
2025-01-03 14:00:00,141,2,200,14,Afternoon,1
2025-01-03 15:00:00,191,2,500,15,Afternoon,1
2025-01-03 16:00:00,159,2,400,16,Afternoon,1
2025-01-03 17:00:00,179,2,300,17,Afternoon,1
2025-01-03 18:00:00,114,3,200,18,Evening,1
2025-01-03 19:00:00,161,3,400,19,Evening,1
2025-01-03 20:00:00,161,3,400,20,Evening,1
2025-01-04 08:00:00,146,3,500,8,Morning,1
2025-01-04 09:00:00,161,1,400,9,Morning,1
2025-01-04 10:00:00,150,3,400,10,Morning,1
2025-01-04 11:00:00,154,2,400,11,Morning,1
2025-01-04 12:00:00,163,4,400,12,Afternoon,1
2025-01-04 13:00:00,102,3,300,13,Afternoon,1
2025-01-04 14:00:00,150,1,300,14,Afternoon,1
2025-01-04 15:00:00,106,2,300,15,Afternoon,1
2025-01-04 16:00:00,120,4,300,16,Afternoon,1
2025-01-04 17:00:00,172,4,200,17,Afternoon,1
2025-01-04 18:00:00,138,3,300,18,Evening,1
2025-01-04 19:00:00,117,4,400,19,Evening,1
2025-01-04 20:00:00,103,3,300,20,Evening,1
2025-01-05 08:00:00,188,3,300,8,Morning,1
2025-01-05 09:00:00,159,2,500,9,Morning,1
2025-01-05 10:00:00,113,2,400,10,Morning,1
2025-01-05 11:00:00,108,1,300,11,Morning,1
2025-01-05 12:00:00,189,2,300,12,Afternoon,1
2025-01-05 13:00:00,152,2,300,13,Afternoon,1
2025-01-05 14:00:00,101,3,200,14,Afternoon,1
2025-01-05 15:00:00,183,2,300,15,Afternoon,1
2025-01-05 16:00:00,191,3,500,16,Afternoon,1
2025-01-05 17:00:00,159,3,400,17,Afternoon,1
2025-01-05 18:00:00,170,2,400,18,Evening,1
2025-01-05 19:00:00,143,1,300,19,Evening,1
2025-01-05 20:00:00,107,1,300,20,Evening,1
2025-01-06 08:00:00,146,4,300,8,Morning,1
2025-01-06 09:00:00,134,4,400,9,Morning,1
2025-01-06 10:00:00,177,2,400,10,Morning,1
2025-01-06 11:00:00,180,1,200,11,Morning,1
2025-01-06 12:00:00,135,3,500,12,Afternoon,1
2025-01-06 13:00:00,149,4,200,13,Afternoon,1
2025-01-06 14:00:00,103,3,500,14,Afternoon,1
2025-01-06 15:00:00,101,4,200,15,Afternoon,1
2025-01-06 16:00:00,105,2,400,16,Afternoon,1
2025-01-06 17:00:00,153,1,200,17,Afternoon,1
2025-01-06 18:00:00,103,4,500,18,Evening,1
2025-01-06 19:00:00,153,1,300,19,Evening,1
2025-01-06 20:00:00,192,3,500,20,Evening,1
2025-01-07 08:00:00,162,2,300,8,Morning,1
2025-01-07 09:00:00,117,1,400,9,Morning,1
2025-01-07 10:00:00,189,2,500,10,Morning,1
2025-01-07 11:00:00,143,1,200,11,Morning,1
2025-01-07 12:00:00,133,3,500,12,Afternoon,1
2025-01-07 13:00:00,173,3,300,13,Afternoon,1
2025-01-07 14:00:00,161,2,400,14,Afternoon,1
2025-01-07 15:00:00,199,3,200,15,Afternoon,1
2025-01-07 16:00:00,113,4,500,16,Afternoon,1
2025-01-07 17:00:00,194,1,300,17,Afternoon,1
2025-01-07 18:00:00,147,3,200,18,Evening,1
2025-01-07 19:00:00,114,4,400,19,Evening,1
2025-01-07 20:00:00,171,2,200,20,Evening,1
2025-01-08 08:00:00,177,4,400,8,Morning,1
2025-01-08 09:00:00,186,2,200,9,Morning,1
2025-01-08 10:00:00,161,2,500,10,Morning,1
2025-01-08 11:00:00,139,1,300,11,Morning,1
2025-01-08 12:00:00,184,1,500,12,Afternoon,1
2025-01-08 13:00:00,179,4,500,13,Afternoon,1
2025-01-08 14:00:00,181,1,400,14,Afternoon,1
2025-01-08 15:00:00,152,1,400,15,Afternoon,1
2025-01-08 16:00:00,123,1,400,16,Afternoon,1
2025-01-08 17:00:00,125,4,500,17,Afternoon,1
2025-01-08 18:00:00,188,3,200,18,Evening,1
2025-01-08 19:00:00,159,1,200,19,Evening,1
2025-01-08 20:00:00,140,1,500,20,Evening,1
2025-01-09 08:00:00,128,4,500,8,Morning,1
2025-01-09 09:00:00,114,3,300,9,Morning,1
2025-01-09 10:00:00,144,1,400,10,Morning,1
2025-01-09 11:00:00,164,2,400,11,Morning,1
2025-01-09 12:00:00,188,4,500,12,Afternoon,1
2025-01-09 13:00:00,170,1,500,13,Afternoon,1
2025-01-09 14:00:00,108,1,200,14,Afternoon,1
2025-01-09 15:00:00,187,2,500,15,Afternoon,1
2025-01-09 16:00:00,100,2,200,16,Afternoon,1
2025-01-09 17:00:00,107,4,500,17,Afternoon,1
2025-01-09 18:00:00,187,4,300,18,Evening,1
2025-01-09 19:00:00,162,2,300,19,Evening,1
2025-01-09 20:00:00,110,4,200,20,Evening,1
2025-01-10 08:00:00,180,2,400,8,Morning,1
2025-01-10 09:00:00,107,1,300,9,Morning,1
2025-01-10 10:00:00,134,2,200,10,Morning,1
2025-01-10 11:00:00,134,2,500,11,Morning,1
2025-01-10 12:00:00,132,3,500,12,Afternoon,1
2025-01-10 13:00:00,104,2,200,13,Afternoon,1
2025-01-10 14:00:00,140,2,400,14,Afternoon,1
2025-01-10 15:00:00,127,3,200,15,Afternoon,1
2025-01-10 16:00:00,106,4,200,16,Afternoon,1
2025-01-10 17:00:00,172,3,300,17,Afternoon,1
2025-01-10 18:00:00,171,1,200,18,Evening,1
2025-01-10 19:00:00,111,3,200,19,Evening,1
2025-01-10 20:00:00,133,1,500,20,Evening,1
2025-01-11 08:00:00,132,4,300,8,Morning,1
2025-01-11 09:00:00,147,3,500,9,Morning,1
2025-01-11 10:00:00,122,3,500,10,Morning,1
2025-01-11 11:00:00,161,4,400,11,Morning,1
2025-01-11 12:00:00,187,1,400,12,Afternoon,1
2025-01-11 13:00:00,136,3,300,13,Afternoon,1
2025-01-11 14:00:00,198,1,300,14,Afternoon,1
2025-01-11 15:00:00,143,3,400,15,Afternoon,1
2025-01-11 16:00:00,185,2,400,16,Afternoon,1
2025-01-11 17:00:00,190,3,400,17,Afternoon,1
2025-01-11 18:00:00,134,4,400,18,Evening,1
2025-01-11 19:00:00,164,4,400,19,Evening,1
2025-01-11 20:00:00,198,1,500,20,Evening,1
2025-01-12 08:00:00,146,3,300,8,Morning,1
2025-01-12 09:00:00,177,1,500,9,Morning,1
2025-01-12 10:00:00,102,1,500,10,Morning,1
2025-01-12 11:00:00,100,2,200,11,Morning,1
2025-01-12 12:00:00,104,2,500,12,Afternoon,1
2025-01-12 13:00:00,189,4,400,13,Afternoon,1
2025-01-12 14:00:00,113,1,400,14,Afternoon,1
2025-01-12 15:00:00,126,4,200,15,Afternoon,1
2025-01-12 16:00:00,108,3,200,16,Afternoon,1
2025-01-12 17:00:00,178,1,200,17,Afternoon,1
2025-01-12 18:00:00,114,1,200,18,Evening,1
2025-01-12 19:00:00,189,3,200,19,Evening,1
2025-01-12 20:00:00,141,3,500,20,Evening,1
2025-01-13 08:00:00,176,4,200,8,Morning,1
2025-01-13 09:00:00,150,4,500,9,Morning,1
2025-01-13 10:00:00,162,3,300,10,Morning,1
2025-01-13 11:00:00,195,4,200,11,Morning,1
2025-01-13 12:00:00,151,3,200,12,Afternoon,1
2025-01-13 13:00:00,195,1,500,13,Afternoon,1
2025-01-13 14:00:00,103,1,300,14,Afternoon,1
2025-01-13 15:00:00,193,2,500,15,Afternoon,1
2025-01-13 16:00:00,122,1,500,16,Afternoon,1
2025-01-13 17:00:00,114,3,200,17,Afternoon,1
2025-01-13 18:00:00,142,4,400,18,Evening,1
2025-01-13 19:00:00,128,2,400,19,Evening,1
2025-01-13 20:00:00,135,4,500,20,Evening,1
2025-01-14 08:00:00,112,3,200,8,Morning,1
2025-01-14 09:00:00,131,1,300,9,Morning,1
2025-01-14 10:00:00,170,2,400,10,Morning,1
2025-01-14 11:00:00,158,3,300,11,Morning,1
2025-01-14 12:00:00,185,2,400,12,Afternoon,1
2025-01-14 13:00:00,127,2,200,13,Afternoon,1
2025-01-14 14:00:00,165,1,500,14,Afternoon,1
2025-01-14 15:00:00,141,3,300,15,Afternoon,1
2025-01-14 16:00:00,144,4,300,16,Afternoon,1
2025-01-14 17:00:00,161,2,500,17,Afternoon,1
2025-01-14 18:00:00,156,2,300,18,Evening,1
2025-01-14 19:00:00,105,4,400,19,Evening,1
2025-01-14 20:00:00,127,3,500,20,Evening,1
2025-01-15 08:00:00,127,2,400,8,Morning,1
2025-01-15 09:00:00,143,2,400,9,Morning,1
2025-01-15 10:00:00,183,2,200,10,Morning,1
2025-01-15 11:00:00,129,3,400,11,Morning,1
2025-01-15 12:00:00,161,3,200,12,Afternoon,1
2025-01-15 13:00:00,174,4,300,13,Afternoon,1
2025-01-15 14:00:00,191,3,300,14,Afternoon,1
2025-01-15 15:00:00,188,3,200,15,Afternoon,1
2025-01-15 16:00:00,161,1,400,16,Afternoon,1
2025-01-15 17:00:00,196,4,500,17,Afternoon,1
2025-01-15 18:00:00,100,2,500,18,Evening,1
2025-01-15 19:00:00,126,3,200,19,Evening,1
2025-01-15 20:00:00,161,2,300,20,Evening,1
2025-01-16 08:00:00,176,2,300,8,Morning,1
2025-01-16 09:00:00,102,1,500,9,Morning,1
2025-01-16 10:00:00,169,3,200,10,Morning,1
2025-01-16 11:00:00,171,4,500,11,Morning,1
2025-01-16 12:00:00,126,3,400,12,Afternoon,1
2025-01-16 13:00:00,108,2,400,13,Afternoon,1
2025-01-16 14:00:00,161,4,200,14,Afternoon,1
2025-01-16 15:00:00,136,3,200,15,Afternoon,1
2025-01-16 16:00:00,196,2,400,16,Afternoon,1
2025-01-16 17:00:00,150,2,300,17,Afternoon,1
2025-01-16 18:00:00,143,1,200,18,Evening,1
2025-01-16 19:00:00,123,1,400,19,Evening,1
2025-01-16 20:00:00,178,1,400,20,Evening,1
2025-01-17 08:00:00,158,2,300,8,Morning,1
2025-01-17 09:00:00,131,3,300,9,Morning,1
2025-01-17 10:00:00,195,1,300,10,Morning,1
2025-01-17 11:00:00,187,3,300,11,Morning,1
2025-01-17 12:00:00,151,1,500,12,Afternoon,1
2025-01-17 13:00:00,161,4,300,13,Afternoon,1
2025-01-17 14:00:00,157,4,500,14,Afternoon,1
2025-01-17 15:00:00,151,1,200,15,Afternoon,1
2025-01-17 16:00:00,111,2,400,16,Afternoon,1
2025-01-17 17:00:00,138,1,500,17,Afternoon,1
2025-01-17 18:00:00,101,1,200,18,Evening,1
2025-01-17 19:00:00,102,2,200,19,Evening,1
2025-01-17 20:00:00,155,4,500,20,Evening,1
2025-01-18 08:00:00,180,3,200,8,Morning,1
2025-01-18 09:00:00,158,1,200,9,Morning,1
2025-01-18 10:00:00,101,2,500,10,Morning,1
2025-01-18 11:00:00,101,1,200,11,Morning,1
2025-01-18 12:00:00,191,2,300,12,Afternoon,1
2025-01-18 13:00:00,153,3,300,13,Afternoon,1
2025-01-18 14:00:00,186,3,400,14,Afternoon,1
2025-01-18 15:00:00,195,4,200,15,Afternoon,1
2025-01-18 16:00:00,196,2,400,16,Afternoon,1
2025-01-18 17:00:00,100,2,300,17,Afternoon,1
2025-01-18 18:00:00,118,4,300,18,Evening,1
2025-01-18 19:00:00,101,4,300,19,Evening,1
2025-01-18 20:00:00,152,2,200,20,Evening,1
2025-01-19 08:00:00,143,4,200,8,Morning,1
2025-01-19 09:00:00,189,3,300,9,Morning,1
2025-01-19 10:00:00,131,1,400,10,Morning,1
2025-01-19 11:00:00,169,3,400,11,Morning,1
2025-01-19 12:00:00,131,4,500,12,Afternoon,1
2025-01-19 13:00:00,167,2,300,13,Afternoon,1
2025-01-19 14:00:00,154,2,400,14,Afternoon,1
2025-01-19 15:00:00,174,3,300,15,Afternoon,1
2025-01-19 16:00:00,155,2,400,16,Afternoon,1
2025-01-19 17:00:00,116,4,500,17,Afternoon,1
2025-01-19 18:00:00,137,3,500,18,Evening,1
2025-01-19 19:00:00,123,2,300,19,Evening,1
2025-01-19 20:00:00,168,1,400,20,Evening,1
2025-01-20 08:00:00,197,1,200,8,Morning,1
2025-01-20 09:00:00,169,4,500,9,Morning,1
2025-01-20 10:00:00,185,2,300,10,Morning,1
2025-01-20 11:00:00,110,4,300,11,Morning,1
2025-01-20 12:00:00,115,3,400,12,Afternoon,1
2025-01-20 13:00:00,196,1,300,13,Afternoon,1
2025-01-20 14:00:00,172,3,500,14,Afternoon,1
2025-01-20 15:00:00,158,2,300,15,Afternoon,1
2025-01-20 16:00:00,169,4,300,16,Afternoon,1
2025-01-20 17:00:00,179,4,200,17,Afternoon,1
2025-01-20 18:00:00,192,4,200,18,Evening,1
2025-01-20 19:00:00,102,3,500,19,Evening,1
2025-01-20 20:00:00,119,1,400,20,Evening,1
2025-01-21 08:00:00,158,3,200,8,Morning,1
2025-01-21 09:00:00,135,3,400,9,Morning,1
2025-01-21 10:00:00,118,2,500,10,Morning,1
2025-01-21 11:00:00,189,2,200,11,Morning,1
2025-01-21 12:00:00,166,2,400,12,Afternoon,1
2025-01-21 13:00:00,118,1,200,13,Afternoon,1
2025-01-21 14:00:00,119,1,500,14,Afternoon,1
2025-01-21 15:00:00,195,2,500,15,Afternoon,1
2025-01-21 16:00:00,170,2,200,16,Afternoon,1
2025-01-21 17:00:00,151,1,400,17,Afternoon,1
2025-01-21 18:00:00,132,4,300,18,Evening,1
2025-01-21 19:00:00,139,1,300,19,Evening,1
2025-01-21 20:00:00,138,1,200,20,Evening,1
2025-01-22 08:00:00,181,1,400,8,Morning,1
2025-01-22 09:00:00,100,2,300,9,Morning,1
2025-01-22 10:00:00,110,4,500,10,Morning,1
2025-01-22 11:00:00,191,1,400,11,Morning,1
2025-01-22 12:00:00,156,2,300,12,Afternoon,1
2025-01-22 13:00:00,188,3,400,13,Afternoon,1
2025-01-22 14:00:00,149,3,200,14,Afternoon,1
2025-01-22 15:00:00,122,1,400,15,Afternoon,1
2025-01-22 16:00:00,130,3,300,16,Afternoon,1
2025-01-22 17:00:00,193,4,200,17,Afternoon,1
2025-01-22 18:00:00,141,3,400,18,Evening,1
2025-01-22 19:00:00,198,3,500,19,Evening,1
2025-01-22 20:00:00,106,4,300,20,Evening,1
2025-01-23 08:00:00,115,1,200,8,Morning,1
2025-01-23 09:00:00,189,1,400,9,Morning,1
2025-01-23 10:00:00,159,4,500,10,Morning,1
2025-01-23 11:00:00,101,4,300,11,Morning,1
2025-01-23 12:00:00,100,4,500,12,Afternoon,1
2025-01-23 13:00:00,147,3,400,13,Afternoon,1
2025-01-23 14:00:00,111,4,400,14,Afternoon,1
2025-01-23 15:00:00,168,2,200,15,Afternoon,1
2025-01-23 16:00:00,136,3,500,16,Afternoon,1
2025-01-23 17:00:00,131,1,200,17,Afternoon,1
2025-01-23 18:00:00,108,1,300,18,Evening,1
2025-01-23 19:00:00,198,1,200,19,Evening,1
2025-01-23 20:00:00,118,3,300,20,Evening,1
2025-01-24 08:00:00,147,2,400,8,Morning,1
2025-01-24 09:00:00,179,4,400,9,Morning,1
2025-01-24 10:00:00,102,4,500,10,Morning,1
2025-01-24 11:00:00,119,1,300,11,Morning,1
2025-01-24 12:00:00,123,1,400,12,Afternoon,1
2025-01-24 13:00:00,153,3,500,13,Afternoon,1
2025-01-24 14:00:00,132,2,500,14,Afternoon,1
2025-01-24 15:00:00,123,4,200,15,Afternoon,1
2025-01-24 16:00:00,174,3,500,16,Afternoon,1
2025-01-24 17:00:00,171,4,400,17,Afternoon,1
2025-01-24 18:00:00,135,1,200,18,Evening,1
2025-01-24 19:00:00,137,4,300,19,Evening,1
2025-01-24 20:00:00,183,2,300,20,Evening,1
2025-01-25 08:00:00,198,2,400,8,Morning,1
2025-01-25 09:00:00,188,1,400,9,Morning,1
2025-01-25 10:00:00,198,2,200,10,Morning,1
2025-01-25 11:00:00,124,2,200,11,Morning,1
2025-01-25 12:00:00,192,3,400,12,Afternoon,1
2025-01-25 13:00:00,117,4,400,13,Afternoon,1
2025-01-25 14:00:00,181,1,300,14,Afternoon,1
2025-01-25 15:00:00,165,1,300,15,Afternoon,1
2025-01-25 16:00:00,153,1,300,16,Afternoon,1
2025-01-25 17:00:00,134,1,400,17,Afternoon,1
2025-01-25 18:00:00,179,1,500,18,Evening,1
2025-01-25 19:00:00,160,2,400,19,Evening,1
2025-01-25 20:00:00,140,3,400,20,Evening,1
2025-01-26 08:00:00,199,1,300,8,Morning,1
2025-01-26 09:00:00,132,3,400,9,Morning,1
2025-01-26 10:00:00,167,3,200,10,Morning,1
2025-01-26 11:00:00,132,2,400,11,Morning,1
2025-01-26 12:00:00,113,1,400,12,Afternoon,1
2025-01-26 13:00:00,120,2,400,13,Afternoon,1
2025-01-26 14:00:00,147,1,400,14,Afternoon,1
2025-01-26 15:00:00,119,2,500,15,Afternoon,1
2025-01-26 16:00:00,107,3,400,16,Afternoon,1
2025-01-26 17:00:00,106,1,200,17,Afternoon,1
2025-01-26 18:00:00,166,4,200,18,Evening,1
2025-01-26 19:00:00,116,3,400,19,Evening,1
2025-01-26 20:00:00,132,4,300,20,Evening,1
2025-01-27 08:00:00,147,3,500,8,Morning,1
2025-01-27 09:00:00,175,2,400,9,Morning,1
2025-01-27 10:00:00,158,1,400,10,Morning,1
2025-01-27 11:00:00,185,3,400,11,Morning,1
2025-01-27 12:00:00,121,2,300,12,Afternoon,1
2025-01-27 13:00:00,129,1,300,13,Afternoon,1
2025-01-27 14:00:00,137,1,300,14,Afternoon,1
2025-01-27 15:00:00,150,3,500,15,Afternoon,1
2025-01-27 16:00:00,153,1,200,16,Afternoon,1
2025-01-27 17:00:00,107,3,500,17,Afternoon,1
2025-01-27 18:00:00,126,1,300,18,Evening,1
2025-01-27 19:00:00,126,4,200,19,Evening,1
2025-01-27 20:00:00,197,2,200,20,Evening,1
2025-01-28 08:00:00,120,4,300,8,Morning,1
2025-01-28 09:00:00,129,3,300,9,Morning,1
2025-01-28 10:00:00,196,4,500,10,Morning,1
2025-01-28 11:00:00,127,3,300,11,Morning,1
2025-01-28 12:00:00,163,1,200,12,Afternoon,1
2025-01-28 13:00:00,196,1,400,13,Afternoon,1
2025-01-28 14:00:00,168,3,300,14,Afternoon,1
2025-01-28 15:00:00,160,4,300,15,Afternoon,1
2025-01-28 16:00:00,147,1,500,16,Afternoon,1
2025-01-28 17:00:00,118,2,500,17,Afternoon,1
2025-01-28 18:00:00,103,1,300,18,Evening,1
2025-01-28 19:00:00,134,2,200,19,Evening,1
2025-01-28 20:00:00,163,4,200,20,Evening,1
2025-01-29 08:00:00,148,2,400,8,Morning,1
2025-01-29 09:00:00,116,2,300,9,Morning,1
2025-01-29 10:00:00,143,2,500,10,Morning,1
2025-01-29 11:00:00,191,2,200,11,Morning,1
2025-01-29 12:00:00,129,1,400,12,Afternoon,1
2025-01-29 13:00:00,192,2,300,13,Afternoon,1
2025-01-29 14:00:00,145,1,200,14,Afternoon,1
2025-01-29 15:00:00,105,2,300,15,Afternoon,1
2025-01-29 16:00:00,198,3,300,16,Afternoon,1
2025-01-29 17:00:00,136,4,200,17,Afternoon,1
2025-01-29 18:00:00,123,2,200,18,Evening,1
2025-01-29 19:00:00,192,3,200,19,Evening,1
2025-01-29 20:00:00,145,2,300,20,Evening,1
2025-01-30 08:00:00,152,2,300,8,Morning,1
2025-01-30 09:00:00,194,2,400,9,Morning,1
2025-01-30 10:00:00,198,3,500,10,Morning,1
2025-01-30 11:00:00,159,4,300,11,Morning,1
2025-01-30 12:00:00,196,3,500,12,Afternoon,1
2025-01-30 13:00:00,162,4,200,13,Afternoon,1
2025-01-30 14:00:00,184,2,300,14,Afternoon,1
2025-01-30 15:00:00,131,1,400,15,Afternoon,1
2025-01-30 16:00:00,186,2,400,16,Afternoon,1
2025-01-30 17:00:00,132,4,500,17,Afternoon,1
2025-01-30 18:00:00,166,3,200,18,Evening,1
2025-01-30 19:00:00,117,2,500,19,Evening,1
2025-01-30 20:00:00,124,3,200,20,Evening,1
2025-01-31 08:00:00,194,3,400,8,Morning,1
2025-01-31 09:00:00,153,3,500,9,Morning,1
2025-01-31 10:00:00,157,2,400,10,Morning,1
2025-01-31 11:00:00,166,3,400,11,Morning,1
2025-01-31 12:00:00,145,3,200,12,Afternoon,1
2025-01-31 13:00:00,123,2,500,13,Afternoon,1
2025-01-31 14:00:00,131,3,500,14,Afternoon,1
2025-01-31 15:00:00,146,2,400,15,Afternoon,1
2025-01-31 16:00:00,185,4,400,16,Afternoon,1
2025-01-31 17:00:00,122,4,200,17,Afternoon,1
2025-01-31 18:00:00,165,4,300,18,Evening,1
2025-01-31 19:00:00,126,3,300,19,Evening,1
2025-01-31 20:00:00,101,1,400,20,Evening,1
2025-02-01 08:00:00,189,1,300,8,Morning,2
2025-02-01 09:00:00,116,3,300,9,Morning,2
2025-02-01 10:00:00,132,1,300,10,Morning,2
2025-02-01 11:00:00,108,2,300,11,Morning,2
2025-02-01 12:00:00,142,1,400,12,Afternoon,2
2025-02-01 13:00:00,147,3,300,13,Afternoon,2
2025-02-01 14:00:00,138,3,300,14,Afternoon,2
2025-02-01 15:00:00,192,2,200,15,Afternoon,2
2025-02-01 16:00:00,141,4,400,16,Afternoon,2
2025-02-01 17:00:00,125,3,500,17,Afternoon,2
2025-02-01 18:00:00,198,2,500,18,Evening,2
2025-02-01 19:00:00,149,1,200,19,Evening,2
2025-02-01 20:00:00,124,1,200,20,Evening,2
2025-02-02 08:00:00,123,2,400,8,Morning,2
2025-02-02 09:00:00,112,2,500,9,Morning,2
2025-02-02 10:00:00,159,3,300,10,Morning,2
2025-02-02 11:00:00,106,1,200,11,Morning,2
2025-02-02 12:00:00,156,2,500,12,Afternoon,2
2025-02-02 13:00:00,135,1,400,13,Afternoon,2
2025-02-02 14:00:00,144,2,300,14,Afternoon,2
2025-02-02 15:00:00,119,1,400,15,Afternoon,2
2025-02-02 16:00:00,164,4,200,16,Afternoon,2
2025-02-02 17:00:00,107,3,500,17,Afternoon,2
2025-02-02 18:00:00,115,1,500,18,Evening,2
2025-02-02 19:00:00,113,4,500,19,Evening,2
2025-02-02 20:00:00,175,1,500,20,Evening,2
2025-02-03 08:00:00,186,1,300,8,Morning,2
2025-02-03 09:00:00,114,4,300,9,Morning,2
2025-02-03 10:00:00,191,1,400,10,Morning,2
2025-02-03 11:00:00,197,1,300,11,Morning,2
2025-02-03 12:00:00,165,3,200,12,Afternoon,2
2025-02-03 13:00:00,131,4,200,13,Afternoon,2
2025-02-03 14:00:00,186,4,500,14,Afternoon,2
2025-02-03 15:00:00,162,2,200,15,Afternoon,2
2025-02-03 16:00:00,185,1,400,16,Afternoon,2
2025-02-03 17:00:00,150,3,300,17,Afternoon,2
2025-02-03 18:00:00,124,1,300,18,Evening,2
2025-02-03 19:00:00,157,1,300,19,Evening,2
2025-02-03 20:00:00,162,2,200,20,Evening,2
2025-02-04 08:00:00,161,1,300,8,Morning,2
2025-02-04 09:00:00,121,3,500,9,Morning,2
2025-02-04 10:00:00,157,3,500,10,Morning,2
2025-02-04 11:00:00,157,2,500,11,Morning,2
2025-02-04 12:00:00,185,1,200,12,Afternoon,2
2025-02-04 13:00:00,148,3,300,13,Afternoon,2
2025-02-04 14:00:00,151,1,200,14,Afternoon,2
2025-02-04 15:00:00,141,1,300,15,Afternoon,2
2025-02-04 16:00:00,169,1,400,16,Afternoon,2
2025-02-04 17:00:00,114,2,400,17,Afternoon,2
2025-02-04 18:00:00,153,1,200,18,Evening,2
2025-02-04 19:00:00,159,3,500,19,Evening,2
2025-02-04 20:00:00,196,1,200,20,Evening,2
2025-02-05 08:00:00,107,3,500,8,Morning,2
2025-02-05 09:00:00,152,1,300,9,Morning,2
2025-02-05 10:00:00,159,3,500,10,Morning,2
2025-02-05 11:00:00,104,3,500,11,Morning,2
2025-02-05 12:00:00,167,1,300,12,Afternoon,2
2025-02-05 13:00:00,105,1,400,13,Afternoon,2
2025-02-05 14:00:00,195,3,300,14,Afternoon,2
2025-02-05 15:00:00,193,4,200,15,Afternoon,2
2025-02-05 16:00:00,146,2,200,16,Afternoon,2
2025-02-05 17:00:00,198,4,200,17,Afternoon,2
2025-02-05 18:00:00,154,4,200,18,Evening,2
2025-02-05 19:00:00,139,1,200,19,Evening,2
2025-02-05 20:00:00,151,2,400,20,Evening,2
2025-02-06 08:00:00,115,4,400,8,Morning,2
2025-02-06 09:00:00,112,1,500,9,Morning,2
2025-02-06 10:00:00,129,4,200,10,Morning,2
2025-02-06 11:00:00,118,4,300,11,Morning,2
2025-02-06 12:00:00,116,1,200,12,Afternoon,2
2025-02-06 13:00:00,162,1,400,13,Afternoon,2
2025-02-06 14:00:00,118,1,200,14,Afternoon,2
2025-02-06 15:00:00,191,2,400,15,Afternoon,2
2025-02-06 16:00:00,157,4,500,16,Afternoon,2
2025-02-06 17:00:00,154,1,500,17,Afternoon,2
2025-02-06 18:00:00,189,3,500,18,Evening,2
2025-02-06 19:00:00,189,4,400,19,Evening,2
2025-02-06 20:00:00,161,3,200,20,Evening,2
2025-02-07 08:00:00,122,2,200,8,Morning,2
2025-02-07 09:00:00,108,1,300,9,Morning,2
2025-02-07 10:00:00,111,3,400,10,Morning,2
2025-02-07 11:00:00,100,2,300,11,Morning,2
2025-02-07 12:00:00,157,1,500,12,Afternoon,2
2025-02-07 13:00:00,100,3,200,13,Afternoon,2
2025-02-07 14:00:00,133,3,400,14,Afternoon,2
2025-02-07 15:00:00,195,2,300,15,Afternoon,2
2025-02-07 16:00:00,147,1,300,16,Afternoon,2
2025-02-07 17:00:00,188,1,300,17,Afternoon,2
2025-02-07 18:00:00,100,3,200,18,Evening,2
2025-02-07 19:00:00,115,3,200,19,Evening,2
2025-02-07 20:00:00,160,3,200,20,Evening,2
2025-02-08 08:00:00,163,1,400,8,Morning,2
2025-02-08 09:00:00,162,2,200,9,Morning,2
2025-02-08 10:00:00,168,2,400,10,Morning,2
2025-02-08 11:00:00,121,1,300,11,Morning,2
2025-02-08 12:00:00,192,4,300,12,Afternoon,2
2025-02-08 13:00:00,166,2,500,13,Afternoon,2
2025-02-08 14:00:00,175,3,200,14,Afternoon,2
2025-02-08 15:00:00,125,4,300,15,Afternoon,2
2025-02-08 16:00:00,115,4,200,16,Afternoon,2
2025-02-08 17:00:00,150,2,400,17,Afternoon,2
2025-02-08 18:00:00,185,4,300,18,Evening,2
2025-02-08 19:00:00,156,4,200,19,Evening,2
2025-02-08 20:00:00,128,2,300,20,Evening,2
2025-02-09 08:00:00,177,2,300,8,Morning,2
2025-02-09 09:00:00,191,4,200,9,Morning,2
2025-02-09 10:00:00,168,3,300,10,Morning,2
2025-02-09 11:00:00,146,1,300,11,Morning,2
2025-02-09 12:00:00,193,4,300,12,Afternoon,2
2025-02-09 13:00:00,161,4,300,13,Afternoon,2
2025-02-09 14:00:00,168,3,400,14,Afternoon,2
2025-02-09 15:00:00,175,4,300,15,Afternoon,2
2025-02-09 16:00:00,115,4,500,16,Afternoon,2
2025-02-09 17:00:00,189,1,300,17,Afternoon,2
2025-02-09 18:00:00,189,1,200,18,Evening,2
2025-02-09 19:00:00,147,1,500,19,Evening,2
2025-02-09 20:00:00,184,2,400,20,Evening,2
2025-02-10 08:00:00,138,2,500,8,Morning,2
2025-02-10 09:00:00,199,1,500,9,Morning,2
2025-02-10 10:00:00,132,1,500,10,Morning,2
2025-02-10 11:00:00,193,2,200,11,Morning,2
2025-02-10 12:00:00,122,3,200,12,Afternoon,2
2025-02-10 13:00:00,109,4,200,13,Afternoon,2
2025-02-10 14:00:00,168,4,400,14,Afternoon,2
2025-02-10 15:00:00,199,1,200,15,Afternoon,2
2025-02-10 16:00:00,133,3,200,16,Afternoon,2
2025-02-10 17:00:00,151,2,500,17,Afternoon,2
2025-02-10 18:00:00,194,1,200,18,Evening,2
2025-02-10 19:00:00,109,3,300,19,Evening,2
2025-02-10 20:00:00,118,3,200,20,Evening,2
2025-02-11 08:00:00,157,3,400,8,Morning,2
2025-02-11 09:00:00,195,2,400,9,Morning,2
2025-02-11 10:00:00,100,2,300,10,Morning,2
2025-02-11 11:00:00,168,4,400,11,Morning,2
2025-02-11 12:00:00,103,4,400,12,Afternoon,2
2025-02-11 13:00:00,115,3,500,13,Afternoon,2
2025-02-11 14:00:00,123,3,300,14,Afternoon,2
2025-02-11 15:00:00,179,2,500,15,Afternoon,2
2025-02-11 16:00:00,101,4,500,16,Afternoon,2
2025-02-11 17:00:00,191,3,200,17,Afternoon,2
2025-02-11 18:00:00,131,4,300,18,Evening,2
2025-02-11 19:00:00,190,4,200,19,Evening,2
2025-02-11 20:00:00,183,3,200,20,Evening,2
2025-02-12 08:00:00,123,2,500,8,Morning,2
2025-02-12 09:00:00,111,3,400,9,Morning,2
2025-02-12 10:00:00,149,3,300,10,Morning,2
2025-02-12 11:00:00,134,4,400,11,Morning,2
2025-02-12 12:00:00,132,3,500,12,Afternoon,2
2025-02-12 13:00:00,132,2,500,13,Afternoon,2
2025-02-12 14:00:00,160,3,500,14,Afternoon,2
2025-02-12 15:00:00,150,2,500,15,Afternoon,2
2025-02-12 16:00:00,142,2,500,16,Afternoon,2
2025-02-12 17:00:00,111,4,500,17,Afternoon,2
2025-02-12 18:00:00,166,1,400,18,Evening,2
2025-02-12 19:00:00,164,1,200,19,Evening,2
2025-02-12 20:00:00,132,4,400,20,Evening,2
2025-02-13 08:00:00,139,3,300,8,Morning,2
2025-02-13 09:00:00,173,4,400,9,Morning,2
2025-02-13 10:00:00,142,2,500,10,Morning,2
2025-02-13 11:00:00,143,1,400,11,Morning,2
2025-02-13 12:00:00,128,4,200,12,Afternoon,2
2025-02-13 13:00:00,112,3,300,13,Afternoon,2
2025-02-13 14:00:00,111,4,400,14,Afternoon,2
2025-02-13 15:00:00,194,1,200,15,Afternoon,2
2025-02-13 16:00:00,145,4,400,16,Afternoon,2
2025-02-13 17:00:00,101,4,300,17,Afternoon,2
2025-02-13 18:00:00,134,1,400,18,Evening,2
2025-02-13 19:00:00,186,2,500,19,Evening,2
2025-02-13 20:00:00,180,2,400,20,Evening,2
2025-02-14 08:00:00,189,1,200,8,Morning,2
2025-02-14 09:00:00,107,4,400,9,Morning,2
2025-02-14 10:00:00,192,1,200,10,Morning,2
2025-02-14 11:00:00,125,2,300,11,Morning,2
2025-02-14 12:00:00,173,3,400,12,Afternoon,2
2025-02-14 13:00:00,189,4,300,13,Afternoon,2
2025-02-14 14:00:00,133,2,300,14,Afternoon,2
2025-02-14 15:00:00,106,4,400,15,Afternoon,2
2025-02-14 16:00:00,167,1,200,16,Afternoon,2
2025-02-14 17:00:00,157,3,300,17,Afternoon,2
2025-02-14 18:00:00,174,1,300,18,Evening,2
2025-02-14 19:00:00,128,3,400,19,Evening,2
2025-02-14 20:00:00,135,4,400,20,Evening,2
2025-02-15 08:00:00,188,4,400,8,Morning,2
2025-02-15 09:00:00,120,1,400,9,Morning,2
2025-02-15 10:00:00,135,3,400,10,Morning,2
2025-02-15 11:00:00,109,3,500,11,Morning,2
2025-02-15 12:00:00,172,4,400,12,Afternoon,2
2025-02-15 13:00:00,123,1,200,13,Afternoon,2
2025-02-15 14:00:00,163,3,300,14,Afternoon,2
2025-02-15 15:00:00,198,4,200,15,Afternoon,2
2025-02-15 16:00:00,148,2,200,16,Afternoon,2
2025-02-15 17:00:00,198,1,500,17,Afternoon,2
2025-02-15 18:00:00,135,2,400,18,Evening,2
2025-02-15 19:00:00,181,1,300,19,Evening,2
2025-02-15 20:00:00,195,4,200,20,Evening,2
2025-02-16 08:00:00,123,3,400,8,Morning,2
2025-02-16 09:00:00,122,3,400,9,Morning,2
2025-02-16 10:00:00,161,3,500,10,Morning,2
2025-02-16 11:00:00,195,1,500,11,Morning,2
2025-02-16 12:00:00,136,4,500,12,Afternoon,2
2025-02-16 13:00:00,111,2,300,13,Afternoon,2
2025-02-16 14:00:00,154,4,200,14,Afternoon,2
2025-02-16 15:00:00,112,2,500,15,Afternoon,2
2025-02-16 16:00:00,122,1,500,16,Afternoon,2
2025-02-16 17:00:00,188,1,500,17,Afternoon,2
2025-02-16 18:00:00,198,2,200,18,Evening,2
2025-02-16 19:00:00,129,2,200,19,Evening,2
2025-02-16 20:00:00,116,2,500,20,Evening,2
2025-02-17 08:00:00,161,4,500,8,Morning,2
2025-02-17 09:00:00,183,2,400,9,Morning,2
2025-02-17 10:00:00,188,1,500,10,Morning,2
2025-02-17 11:00:00,185,1,300,11,Morning,2
2025-02-17 12:00:00,112,3,300,12,Afternoon,2
2025-02-17 13:00:00,158,2,500,13,Afternoon,2
2025-02-17 14:00:00,118,4,200,14,Afternoon,2
2025-02-17 15:00:00,148,4,400,15,Afternoon,2
2025-02-17 16:00:00,199,4,200,16,Afternoon,2
2025-02-17 17:00:00,111,3,500,17,Afternoon,2
2025-02-17 18:00:00,160,1,300,18,Evening,2
2025-02-17 19:00:00,118,4,400,19,Evening,2
2025-02-17 20:00:00,175,1,200,20,Evening,2
2025-02-18 08:00:00,108,3,200,8,Morning,2
2025-02-18 09:00:00,170,2,500,9,Morning,2
2025-02-18 10:00:00,127,2,400,10,Morning,2
2025-02-18 11:00:00,177,2,300,11,Morning,2
2025-02-18 12:00:00,194,4,500,12,Afternoon,2
2025-02-18 13:00:00,151,2,400,13,Afternoon,2
2025-02-18 14:00:00,182,4,200,14,Afternoon,2
2025-02-18 15:00:00,115,3,500,15,Afternoon,2
2025-02-18 16:00:00,168,3,200,16,Afternoon,2
2025-02-18 17:00:00,198,4,200,17,Afternoon,2
2025-02-18 18:00:00,111,1,500,18,Evening,2
2025-02-18 19:00:00,124,2,500,19,Evening,2
2025-02-18 20:00:00,151,2,500,20,Evening,2
2025-02-19 08:00:00,184,2,500,8,Morning,2
2025-02-19 09:00:00,199,4,500,9,Morning,2
2025-02-19 10:00:00,152,3,200,10,Morning,2
2025-02-19 11:00:00,122,2,300,11,Morning,2
2025-02-19 12:00:00,115,3,300,12,Afternoon,2
2025-02-19 13:00:00,156,2,500,13,Afternoon,2
2025-02-19 14:00:00,138,2,200,14,Afternoon,2
2025-02-19 15:00:00,152,4,300,15,Afternoon,2
2025-02-19 16:00:00,141,1,300,16,Afternoon,2
2025-02-19 17:00:00,157,4,300,17,Afternoon,2
2025-02-19 18:00:00,138,2,200,18,Evening,2
2025-02-19 19:00:00,113,2,500,19,Evening,2
2025-02-19 20:00:00,194,1,500,20,Evening,2
2025-02-20 08:00:00,104,3,500,8,Morning,2
2025-02-20 09:00:00,134,3,400,9,Morning,2
2025-02-20 10:00:00,186,2,400,10,Morning,2
2025-02-20 11:00:00,192,3,400,11,Morning,2
2025-02-20 12:00:00,174,2,200,12,Afternoon,2
2025-02-20 13:00:00,117,1,300,13,Afternoon,2
2025-02-20 14:00:00,175,1,300,14,Afternoon,2
2025-02-20 15:00:00,108,2,200,15,Afternoon,2
2025-02-20 16:00:00,173,1,200,16,Afternoon,2
2025-02-20 17:00:00,157,4,500,17,Afternoon,2
2025-02-20 18:00:00,116,4,500,18,Evening,2
2025-02-20 19:00:00,106,1,400,19,Evening,2
2025-02-20 20:00:00,145,2,400,20,Evening,2
2025-02-21 08:00:00,112,2,200,8,Morning,2
2025-02-21 09:00:00,139,1,400,9,Morning,2
2025-02-21 10:00:00,141,3,300,10,Morning,2
2025-02-21 11:00:00,108,4,200,11,Morning,2
2025-02-21 12:00:00,149,3,200,12,Afternoon,2
2025-02-21 13:00:00,126,2,300,13,Afternoon,2
2025-02-21 14:00:00,165,2,500,14,Afternoon,2
2025-02-21 15:00:00,104,3,500,15,Afternoon,2
2025-02-21 16:00:00,128,1,300,16,Afternoon,2
2025-02-21 17:00:00,136,3,300,17,Afternoon,2
2025-02-21 18:00:00,137,3,400,18,Evening,2
2025-02-21 19:00:00,182,4,200,19,Evening,2
2025-02-21 20:00:00,107,4,400,20,Evening,2
2025-02-22 08:00:00,164,3,300,8,Morning,2
2025-02-22 09:00:00,185,3,400,9,Morning,2
2025-02-22 10:00:00,116,2,300,10,Morning,2
2025-02-22 11:00:00,170,4,400,11,Morning,2
2025-02-22 12:00:00,188,4,400,12,Afternoon,2
2025-02-22 13:00:00,144,2,500,13,Afternoon,2
2025-02-22 14:00:00,103,1,300,14,Afternoon,2
2025-02-22 15:00:00,135,4,400,15,Afternoon,2
2025-02-22 16:00:00,169,4,200,16,Afternoon,2
2025-02-22 17:00:00,130,1,400,17,Afternoon,2
2025-02-22 18:00:00,118,4,400,18,Evening,2
2025-02-22 19:00:00,160,4,200,19,Evening,2
2025-02-22 20:00:00,153,1,300,20,Evening,2
2025-02-23 08:00:00,138,1,500,8,Morning,2
2025-02-23 09:00:00,190,3,500,9,Morning,2
2025-02-23 10:00:00,173,2,500,10,Morning,2
2025-02-23 11:00:00,189,2,200,11,Morning,2
2025-02-23 12:00:00,118,1,400,12,Afternoon,2
2025-02-23 13:00:00,138,1,300,13,Afternoon,2
2025-02-23 14:00:00,166,4,400,14,Afternoon,2
2025-02-23 15:00:00,144,3,500,15,Afternoon,2
2025-02-23 16:00:00,112,3,400,16,Afternoon,2
2025-02-23 17:00:00,191,1,200,17,Afternoon,2
2025-02-23 18:00:00,157,4,200,18,Evening,2
2025-02-23 19:00:00,119,4,300,19,Evening,2
2025-02-23 20:00:00,191,2,300,20,Evening,2
2025-02-24 08:00:00,171,2,500,8,Morning,2
2025-02-24 09:00:00,160,4,300,9,Morning,2
2025-02-24 10:00:00,138,2,400,10,Morning,2
2025-02-24 11:00:00,100,1,200,11,Morning,2
2025-02-24 12:00:00,102,4,200,12,Afternoon,2
2025-02-24 13:00:00,176,2,200,13,Afternoon,2
2025-02-24 14:00:00,191,3,300,14,Afternoon,2
2025-02-24 15:00:00,161,4,200,15,Afternoon,2
2025-02-24 16:00:00,162,4,200,16,Afternoon,2
2025-02-24 17:00:00,124,3,200,17,Afternoon,2
2025-02-24 18:00:00,155,1,500,18,Evening,2
2025-02-24 19:00:00,132,3,500,19,Evening,2
2025-02-24 20:00:00,137,4,300,20,Evening,2
2025-02-25 08:00:00,105,1,200,8,Morning,2
2025-02-25 09:00:00,157,2,300,9,Morning,2
2025-02-25 10:00:00,143,2,200,10,Morning,2
2025-02-25 11:00:00,144,2,200,11,Morning,2
2025-02-25 12:00:00,131,4,200,12,Afternoon,2
2025-02-25 13:00:00,144,3,300,13,Afternoon,2
2025-02-25 14:00:00,160,1,300,14,Afternoon,2
2025-02-25 15:00:00,146,2,200,15,Afternoon,2
2025-02-25 16:00:00,120,1,400,16,Afternoon,2
2025-02-25 17:00:00,179,4,300,17,Afternoon,2
2025-02-25 18:00:00,184,2,500,18,Evening,2
2025-02-25 19:00:00,174,4,300,19,Evening,2
2025-02-25 20:00:00,135,3,200,20,Evening,2
2025-02-26 08:00:00,198,4,400,8,Morning,2
2025-02-26 09:00:00,118,4,200,9,Morning,2
2025-02-26 10:00:00,119,3,500,10,Morning,2
2025-02-26 11:00:00,156,1,300,11,Morning,2
2025-02-26 12:00:00,117,3,300,12,Afternoon,2
2025-02-26 13:00:00,146,3,200,13,Afternoon,2
2025-02-26 14:00:00,148,4,200,14,Afternoon,2
2025-02-26 15:00:00,113,1,500,15,Afternoon,2
2025-02-26 16:00:00,114,2,400,16,Afternoon,2
2025-02-26 17:00:00,130,3,500,17,Afternoon,2
2025-02-26 18:00:00,100,1,400,18,Evening,2
2025-02-26 19:00:00,153,3,300,19,Evening,2
2025-02-26 20:00:00,102,3,400,20,Evening,2
2025-02-27 08:00:00,115,3,400,8,Morning,2
2025-02-27 09:00:00,186,3,300,9,Morning,2
2025-02-27 10:00:00,156,4,300,10,Morning,2
2025-02-27 11:00:00,174,1,300,11,Morning,2
2025-02-27 12:00:00,111,1,500,12,Afternoon,2
2025-02-27 13:00:00,173,1,300,13,Afternoon,2
2025-02-27 14:00:00,195,3,200,14,Afternoon,2
2025-02-27 15:00:00,115,4,300,15,Afternoon,2
2025-02-27 16:00:00,171,3,300,16,Afternoon,2
2025-02-27 17:00:00,175,3,300,17,Afternoon,2
2025-02-27 18:00:00,123,1,400,18,Evening,2
2025-02-27 19:00:00,127,3,500,19,Evening,2
2025-02-27 20:00:00,107,2,300,20,Evening,2
2025-02-28 08:00:00,191,3,500,8,Morning,2
2025-02-28 09:00:00,135,2,200,9,Morning,2
2025-02-28 10:00:00,189,3,200,10,Morning,2
2025-02-28 11:00:00,107,4,300,11,Morning,2
2025-02-28 12:00:00,157,4,200,12,Afternoon,2
2025-02-28 13:00:00,159,1,500,13,Afternoon,2
2025-02-28 14:00:00,149,3,400,14,Afternoon,2
2025-02-28 15:00:00,127,2,300,15,Afternoon,2
2025-02-28 16:00:00,191,2,200,16,Afternoon,2
2025-02-28 17:00:00,140,3,500,17,Afternoon,2
2025-02-28 18:00:00,199,2,500,18,Evening,2
2025-02-28 19:00:00,163,4,200,19,Evening,2
2025-02-28 20:00:00,126,2,500,20,Evening,2
2025-03-01 08:00:00,162,1,500,8,Morning,3
2025-03-01 09:00:00,116,4,300,9,Morning,3
2025-03-01 10:00:00,172,4,500,10,Morning,3
2025-03-01 11:00:00,132,4,200,11,Morning,3
2025-03-01 12:00:00,183,3,300,12,Afternoon,3
2025-03-01 13:00:00,176,3,200,13,Afternoon,3
2025-03-01 14:00:00,191,4,400,14,Afternoon,3
2025-03-01 15:00:00,128,3,200,15,Afternoon,3
2025-03-01 16:00:00,112,2,200,16,Afternoon,3
2025-03-01 17:00:00,145,3,300,17,Afternoon,3
2025-03-01 18:00:00,134,3,500,18,Evening,3
2025-03-01 19:00:00,105,4,200,19,Evening,3
2025-03-01 20:00:00,181,1,300,20,Evening,3
2025-03-02 08:00:00,168,1,400,8,Morning,3
2025-03-02 09:00:00,146,1,300,9,Morning,3
2025-03-02 10:00:00,124,2,300,10,Morning,3
2025-03-02 11:00:00,165,3,500,11,Morning,3
2025-03-02 12:00:00,109,1,200,12,Afternoon,3
2025-03-02 13:00:00,155,4,400,13,Afternoon,3
2025-03-02 14:00:00,129,1,300,14,Afternoon,3
2025-03-02 15:00:00,104,1,200,15,Afternoon,3
2025-03-02 16:00:00,132,3,200,16,Afternoon,3
2025-03-02 17:00:00,164,3,300,17,Afternoon,3
2025-03-02 18:00:00,117,3,200,18,Evening,3
2025-03-02 19:00:00,195,2,300,19,Evening,3
2025-03-02 20:00:00,148,2,300,20,Evening,3
2025-03-03 08:00:00,110,1,300,8,Morning,3
2025-03-03 09:00:00,184,3,400,9,Morning,3
2025-03-03 10:00:00,125,1,300,10,Morning,3
2025-03-03 11:00:00,162,4,500,11,Morning,3
2025-03-03 12:00:00,188,4,200,12,Afternoon,3
2025-03-03 13:00:00,185,3,400,13,Afternoon,3
2025-03-03 14:00:00,158,3,200,14,Afternoon,3
2025-03-03 15:00:00,126,4,400,15,Afternoon,3
2025-03-03 16:00:00,148,3,500,16,Afternoon,3
2025-03-03 17:00:00,176,2,400,17,Afternoon,3
2025-03-03 18:00:00,132,2,400,18,Evening,3
2025-03-03 19:00:00,197,3,400,19,Evening,3
2025-03-03 20:00:00,198,4,200,20,Evening,3
2025-03-04 08:00:00,100,1,300,8,Morning,3
2025-03-04 09:00:00,120,3,200,9,Morning,3
2025-03-04 10:00:00,154,3,300,10,Morning,3
2025-03-04 11:00:00,105,1,200,11,Morning,3
2025-03-04 12:00:00,191,3,500,12,Afternoon,3
2025-03-04 13:00:00,180,1,500,13,Afternoon,3
2025-03-04 14:00:00,168,4,400,14,Afternoon,3
2025-03-04 15:00:00,194,2,500,15,Afternoon,3
2025-03-04 16:00:00,104,4,400,16,Afternoon,3
2025-03-04 17:00:00,102,2,300,17,Afternoon,3
2025-03-04 18:00:00,152,1,500,18,Evening,3
2025-03-04 19:00:00,122,2,300,19,Evening,3
2025-03-04 20:00:00,152,4,200,20,Evening,3
2025-03-05 08:00:00,136,2,300,8,Morning,3
2025-03-05 09:00:00,173,1,200,9,Morning,3
2025-03-05 10:00:00,173,2,300,10,Morning,3
2025-03-05 11:00:00,182,3,300,11,Morning,3
2025-03-05 12:00:00,116,4,500,12,Afternoon,3
2025-03-05 13:00:00,184,3,300,13,Afternoon,3
2025-03-05 14:00:00,177,1,500,14,Afternoon,3
2025-03-05 15:00:00,172,2,500,15,Afternoon,3
2025-03-05 16:00:00,100,3,400,16,Afternoon,3
2025-03-05 17:00:00,150,3,400,17,Afternoon,3
2025-03-05 18:00:00,144,2,200,18,Evening,3
2025-03-05 19:00:00,176,2,300,19,Evening,3
2025-03-05 20:00:00,103,4,200,20,Evening,3
2025-03-06 08:00:00,161,3,300,8,Morning,3
2025-03-06 09:00:00,164,3,400,9,Morning,3
2025-03-06 10:00:00,131,1,400,10,Morning,3
2025-03-06 11:00:00,133,4,300,11,Morning,3
2025-03-06 12:00:00,191,1,300,12,Afternoon,3
2025-03-06 13:00:00,194,3,400,13,Afternoon,3
2025-03-06 14:00:00,171,1,400,14,Afternoon,3
2025-03-06 15:00:00,138,3,200,15,Afternoon,3
2025-03-06 16:00:00,125,3,400,16,Afternoon,3
2025-03-06 17:00:00,133,1,300,17,Afternoon,3
2025-03-06 18:00:00,153,1,200,18,Evening,3
2025-03-06 19:00:00,102,2,300,19,Evening,3
2025-03-06 20:00:00,149,2,500,20,Evening,3
2025-03-07 08:00:00,111,2,200,8,Morning,3
2025-03-07 09:00:00,164,3,300,9,Morning,3
2025-03-07 10:00:00,153,1,400,10,Morning,3
2025-03-07 11:00:00,104,4,500,11,Morning,3
2025-03-07 12:00:00,193,3,300,12,Afternoon,3
2025-03-07 13:00:00,193,4,200,13,Afternoon,3
2025-03-07 14:00:00,156,1,300,14,Afternoon,3
2025-03-07 15:00:00,116,3,500,15,Afternoon,3
2025-03-07 16:00:00,146,4,200,16,Afternoon,3
2025-03-07 17:00:00,122,4,500,17,Afternoon,3
2025-03-07 18:00:00,178,2,300,18,Evening,3
2025-03-07 19:00:00,184,2,400,19,Evening,3
2025-03-07 20:00:00,113,2,400,20,Evening,3
2025-03-08 08:00:00,165,3,300,8,Morning,3
2025-03-08 09:00:00,174,1,300,9,Morning,3
2025-03-08 10:00:00,150,1,300,10,Morning,3
2025-03-08 11:00:00,137,2,200,11,Morning,3
2025-03-08 12:00:00,163,2,500,12,Afternoon,3
2025-03-08 13:00:00,197,2,500,13,Afternoon,3
2025-03-08 14:00:00,137,4,500,14,Afternoon,3
2025-03-08 15:00:00,149,2,300,15,Afternoon,3
2025-03-08 16:00:00,197,4,500,16,Afternoon,3
2025-03-08 17:00:00,181,1,300,17,Afternoon,3
2025-03-08 18:00:00,129,3,200,18,Evening,3
2025-03-08 19:00:00,178,3,400,19,Evening,3
2025-03-08 20:00:00,190,3,300,20,Evening,3
2025-03-09 08:00:00,150,3,300,8,Morning,3
2025-03-09 09:00:00,162,4,400,9,Morning,3
2025-03-09 10:00:00,197,4,400,10,Morning,3
2025-03-09 11:00:00,151,2,200,11,Morning,3
2025-03-09 12:00:00,137,4,500,12,Afternoon,3
2025-03-09 13:00:00,196,2,300,13,Afternoon,3
2025-03-09 14:00:00,187,2,500,14,Afternoon,3
2025-03-09 15:00:00,178,3,300,15,Afternoon,3
2025-03-09 16:00:00,129,4,200,16,Afternoon,3
2025-03-09 17:00:00,150,4,400,17,Afternoon,3
2025-03-09 18:00:00,180,2,200,18,Evening,3
2025-03-09 19:00:00,104,2,400,19,Evening,3
2025-03-09 20:00:00,128,1,500,20,Evening,3
2025-03-10 08:00:00,103,1,500,8,Morning,3
2025-03-10 09:00:00,109,2,200,9,Morning,3
2025-03-10 10:00:00,155,1,400,10,Morning,3
2025-03-10 11:00:00,116,1,200,11,Morning,3
2025-03-10 12:00:00,173,2,400,12,Afternoon,3
2025-03-10 13:00:00,116,2,400,13,Afternoon,3
2025-03-10 14:00:00,183,4,500,14,Afternoon,3
2025-03-10 15:00:00,187,2,500,15,Afternoon,3
2025-03-10 16:00:00,168,2,400,16,Afternoon,3
2025-03-10 17:00:00,133,3,400,17,Afternoon,3
2025-03-10 18:00:00,105,4,400,18,Evening,3
2025-03-10 19:00:00,152,4,500,19,Evening,3
2025-03-10 20:00:00,165,4,500,20,Evening,3
2025-03-11 08:00:00,176,3,300,8,Morning,3
2025-03-11 09:00:00,142,2,400,9,Morning,3
2025-03-11 10:00:00,174,4,300,10,Morning,3
2025-03-11 11:00:00,122,4,400,11,Morning,3
2025-03-11 12:00:00,154,1,500,12,Afternoon,3
2025-03-11 13:00:00,179,4,300,13,Afternoon,3
2025-03-11 14:00:00,194,2,300,14,Afternoon,3
2025-03-11 15:00:00,174,2,200,15,Afternoon,3
2025-03-11 16:00:00,115,1,400,16,Afternoon,3
2025-03-11 17:00:00,107,4,500,17,Afternoon,3
2025-03-11 18:00:00,103,4,200,18,Evening,3
2025-03-11 19:00:00,103,4,200,19,Evening,3
2025-03-11 20:00:00,155,3,400,20,Evening,3
2025-03-12 08:00:00,124,4,200,8,Morning,3
2025-03-12 09:00:00,166,2,400,9,Morning,3
2025-03-12 10:00:00,195,2,200,10,Morning,3
2025-03-12 11:00:00,166,3,400,11,Morning,3
2025-03-12 12:00:00,126,3,500,12,Afternoon,3
2025-03-12 13:00:00,192,4,400,13,Afternoon,3
2025-03-12 14:00:00,131,1,400,14,Afternoon,3
2025-03-12 15:00:00,149,3,300,15,Afternoon,3
2025-03-12 16:00:00,160,3,500,16,Afternoon,3
2025-03-12 17:00:00,150,4,500,17,Afternoon,3
2025-03-12 18:00:00,118,4,500,18,Evening,3
2025-03-12 19:00:00,120,3,200,19,Evening,3
2025-03-12 20:00:00,104,1,300,20,Evening,3
2025-03-13 08:00:00,181,3,500,8,Morning,3
2025-03-13 09:00:00,191,4,200,9,Morning,3
2025-03-13 10:00:00,141,4,200,10,Morning,3
2025-03-13 11:00:00,160,3,200,11,Morning,3
2025-03-13 12:00:00,121,1,300,12,Afternoon,3
2025-03-13 13:00:00,120,3,200,13,Afternoon,3
2025-03-13 14:00:00,169,3,300,14,Afternoon,3
2025-03-13 15:00:00,100,4,400,15,Afternoon,3
2025-03-13 16:00:00,104,1,200,16,Afternoon,3
2025-03-13 17:00:00,111,2,500,17,Afternoon,3
2025-03-13 18:00:00,189,1,200,18,Evening,3
2025-03-13 19:00:00,145,3,400,19,Evening,3
2025-03-13 20:00:00,133,3,400,20,Evening,3
2025-03-14 08:00:00,148,3,200,8,Morning,3
2025-03-14 09:00:00,177,1,400,9,Morning,3
2025-03-14 10:00:00,189,4,300,10,Morning,3
2025-03-14 11:00:00,144,3,300,11,Morning,3
2025-03-14 12:00:00,126,3,200,12,Afternoon,3
2025-03-14 13:00:00,172,1,300,13,Afternoon,3
2025-03-14 14:00:00,125,2,300,14,Afternoon,3
2025-03-14 15:00:00,146,2,500,15,Afternoon,3
2025-03-14 16:00:00,185,4,200,16,Afternoon,3
2025-03-14 17:00:00,155,4,400,17,Afternoon,3
2025-03-14 18:00:00,193,3,200,18,Evening,3
2025-03-14 19:00:00,162,1,300,19,Evening,3
2025-03-14 20:00:00,147,3,500,20,Evening,3
2025-03-15 08:00:00,160,4,200,8,Morning,3
2025-03-15 09:00:00,180,1,200,9,Morning,3
2025-03-15 10:00:00,125,1,300,10,Morning,3
2025-03-15 11:00:00,135,4,300,11,Morning,3
2025-03-15 12:00:00,100,2,200,12,Afternoon,3
2025-03-15 13:00:00,107,2,300,13,Afternoon,3
2025-03-15 14:00:00,198,1,300,14,Afternoon,3
2025-03-15 15:00:00,151,3,300,15,Afternoon,3
2025-03-15 16:00:00,178,2,300,16,Afternoon,3
2025-03-15 17:00:00,146,3,300,17,Afternoon,3
2025-03-15 18:00:00,155,2,500,18,Evening,3
2025-03-15 19:00:00,185,2,300,19,Evening,3
2025-03-15 20:00:00,113,3,400,20,Evening,3
2025-03-16 08:00:00,189,4,200,8,Morning,3
2025-03-16 09:00:00,127,2,500,9,Morning,3
2025-03-16 10:00:00,186,2,500,10,Morning,3
2025-03-16 11:00:00,177,3,300,11,Morning,3
2025-03-16 12:00:00,187,4,200,12,Afternoon,3
2025-03-16 13:00:00,101,2,400,13,Afternoon,3
2025-03-16 14:00:00,125,2,300,14,Afternoon,3
2025-03-16 15:00:00,113,4,200,15,Afternoon,3
2025-03-16 16:00:00,158,2,300,16,Afternoon,3
2025-03-16 17:00:00,155,4,300,17,Afternoon,3
2025-03-16 18:00:00,106,4,300,18,Evening,3
2025-03-16 19:00:00,102,3,300,19,Evening,3
2025-03-16 20:00:00,122,1,300,20,Evening,3
2025-03-17 08:00:00,117,4,300,8,Morning,3
2025-03-17 09:00:00,137,3,300,9,Morning,3
2025-03-17 10:00:00,198,1,400,10,Morning,3
2025-03-17 11:00:00,114,2,500,11,Morning,3
2025-03-17 12:00:00,163,1,400,12,Afternoon,3
2025-03-17 13:00:00,188,4,300,13,Afternoon,3
2025-03-17 14:00:00,127,4,300,14,Afternoon,3
2025-03-17 15:00:00,173,4,400,15,Afternoon,3
2025-03-17 16:00:00,138,4,400,16,Afternoon,3
2025-03-17 17:00:00,156,4,500,17,Afternoon,3
2025-03-17 18:00:00,116,3,400,18,Evening,3
2025-03-17 19:00:00,185,4,500,19,Evening,3
2025-03-17 20:00:00,189,3,300,20,Evening,3
2025-03-18 08:00:00,143,2,200,8,Morning,3
2025-03-18 09:00:00,124,4,200,9,Morning,3
2025-03-18 10:00:00,116,4,200,10,Morning,3
2025-03-18 11:00:00,112,1,200,11,Morning,3
2025-03-18 12:00:00,183,2,300,12,Afternoon,3
2025-03-18 13:00:00,124,4,200,13,Afternoon,3
2025-03-18 14:00:00,167,4,400,14,Afternoon,3
2025-03-18 15:00:00,109,2,400,15,Afternoon,3
2025-03-18 16:00:00,166,3,200,16,Afternoon,3
2025-03-18 17:00:00,117,4,400,17,Afternoon,3
2025-03-18 18:00:00,199,1,500,18,Evening,3
2025-03-18 19:00:00,185,4,300,19,Evening,3
2025-03-18 20:00:00,133,1,200,20,Evening,3
2025-03-19 08:00:00,107,1,200,8,Morning,3
2025-03-19 09:00:00,139,4,300,9,Morning,3
2025-03-19 10:00:00,182,4,400,10,Morning,3
2025-03-19 11:00:00,141,1,300,11,Morning,3
2025-03-19 12:00:00,140,2,300,12,Afternoon,3
2025-03-19 13:00:00,105,2,400,13,Afternoon,3
2025-03-19 14:00:00,151,4,300,14,Afternoon,3
2025-03-19 15:00:00,125,3,400,15,Afternoon,3
2025-03-19 16:00:00,163,2,400,16,Afternoon,3
2025-03-19 17:00:00,197,4,300,17,Afternoon,3
2025-03-19 18:00:00,158,2,500,18,Evening,3
2025-03-19 19:00:00,155,3,400,19,Evening,3
2025-03-19 20:00:00,158,4,300,20,Evening,3
2025-03-20 08:00:00,169,3,400,8,Morning,3
2025-03-20 09:00:00,132,4,500,9,Morning,3
2025-03-20 10:00:00,152,3,500,10,Morning,3
2025-03-20 11:00:00,121,2,200,11,Morning,3
2025-03-20 12:00:00,120,2,400,12,Afternoon,3
2025-03-20 13:00:00,169,3,400,13,Afternoon,3
2025-03-20 14:00:00,169,3,300,14,Afternoon,3
2025-03-20 15:00:00,103,3,400,15,Afternoon,3
2025-03-20 16:00:00,193,4,200,16,Afternoon,3
2025-03-20 17:00:00,174,2,500,17,Afternoon,3
2025-03-20 18:00:00,161,4,500,18,Evening,3
2025-03-20 19:00:00,161,2,200,19,Evening,3
2025-03-20 20:00:00,193,1,400,20,Evening,3
2025-03-21 08:00:00,194,4,400,8,Morning,3
2025-03-21 09:00:00,123,2,200,9,Morning,3
2025-03-21 10:00:00,154,2,300,10,Morning,3
2025-03-21 11:00:00,108,4,500,11,Morning,3
2025-03-21 12:00:00,102,4,200,12,Afternoon,3
2025-03-21 13:00:00,130,2,200,13,Afternoon,3
2025-03-21 14:00:00,139,4,400,14,Afternoon,3
2025-03-21 15:00:00,135,3,500,15,Afternoon,3
2025-03-21 16:00:00,123,4,400,16,Afternoon,3
2025-03-21 17:00:00,194,4,200,17,Afternoon,3
2025-03-21 18:00:00,105,4,300,18,Evening,3
2025-03-21 19:00:00,165,2,500,19,Evening,3
2025-03-21 20:00:00,183,3,200,20,Evening,3
2025-03-22 08:00:00,191,1,200,8,Morning,3
2025-03-22 09:00:00,174,1,300,9,Morning,3
2025-03-22 10:00:00,103,3,200,10,Morning,3
2025-03-22 11:00:00,178,3,200,11,Morning,3
2025-03-22 12:00:00,105,3,500,12,Afternoon,3
2025-03-22 13:00:00,193,2,500,13,Afternoon,3
2025-03-22 14:00:00,150,1,500,14,Afternoon,3
2025-03-22 15:00:00,161,3,400,15,Afternoon,3
2025-03-22 16:00:00,156,2,300,16,Afternoon,3
2025-03-22 17:00:00,165,1,500,17,Afternoon,3
2025-03-22 18:00:00,178,4,400,18,Evening,3
2025-03-22 19:00:00,174,2,400,19,Evening,3
2025-03-22 20:00:00,107,1,300,20,Evening,3
2025-03-23 08:00:00,125,2,300,8,Morning,3
2025-03-23 09:00:00,150,1,200,9,Morning,3
2025-03-23 10:00:00,144,1,400,10,Morning,3
2025-03-23 11:00:00,143,4,500,11,Morning,3
2025-03-23 12:00:00,104,2,300,12,Afternoon,3
2025-03-23 13:00:00,169,3,400,13,Afternoon,3
2025-03-23 14:00:00,125,4,500,14,Afternoon,3
2025-03-23 15:00:00,167,4,400,15,Afternoon,3
2025-03-23 16:00:00,118,1,300,16,Afternoon,3
2025-03-23 17:00:00,183,3,200,17,Afternoon,3
2025-03-23 18:00:00,196,2,400,18,Evening,3
2025-03-23 19:00:00,119,3,500,19,Evening,3
2025-03-23 20:00:00,111,3,300,20,Evening,3
2025-03-24 08:00:00,146,3,200,8,Morning,3
2025-03-24 09:00:00,100,3,500,9,Morning,3
2025-03-24 10:00:00,189,3,500,10,Morning,3
2025-03-24 11:00:00,113,1,500,11,Morning,3
2025-03-24 12:00:00,163,1,400,12,Afternoon,3
2025-03-24 13:00:00,137,4,300,13,Afternoon,3
2025-03-24 14:00:00,136,1,500,14,Afternoon,3
2025-03-24 15:00:00,110,4,400,15,Afternoon,3
2025-03-24 16:00:00,199,4,300,16,Afternoon,3
2025-03-24 17:00:00,176,2,300,17,Afternoon,3
2025-03-24 18:00:00,102,3,400,18,Evening,3
2025-03-24 19:00:00,132,1,400,19,Evening,3
2025-03-24 20:00:00,105,2,500,20,Evening,3
2025-03-25 08:00:00,149,1,300,8,Morning,3
2025-03-25 09:00:00,109,4,200,9,Morning,3
2025-03-25 10:00:00,104,1,400,10,Morning,3
2025-03-25 11:00:00,122,3,300,11,Morning,3
2025-03-25 12:00:00,109,4,300,12,Afternoon,3
2025-03-25 13:00:00,143,4,500,13,Afternoon,3
2025-03-25 14:00:00,101,2,200,14,Afternoon,3
2025-03-25 15:00:00,112,3,500,15,Afternoon,3
2025-03-25 16:00:00,139,4,200,16,Afternoon,3
2025-03-25 17:00:00,101,3,200,17,Afternoon,3
2025-03-25 18:00:00,183,1,400,18,Evening,3
2025-03-25 19:00:00,164,3,300,19,Evening,3
2025-03-25 20:00:00,162,4,300,20,Evening,3
2025-03-26 08:00:00,172,2,300,8,Morning,3
2025-03-26 09:00:00,116,4,200,9,Morning,3
2025-03-26 10:00:00,108,3,300,10,Morning,3
2025-03-26 11:00:00,174,3,400,11,Morning,3
2025-03-26 12:00:00,114,4,200,12,Afternoon,3
2025-03-26 13:00:00,123,3,200,13,Afternoon,3
2025-03-26 14:00:00,137,1,200,14,Afternoon,3
2025-03-26 15:00:00,134,4,200,15,Afternoon,3
2025-03-26 16:00:00,193,2,400,16,Afternoon,3
2025-03-26 17:00:00,194,4,300,17,Afternoon,3
2025-03-26 18:00:00,148,1,400,18,Evening,3
2025-03-26 19:00:00,168,1,300,19,Evening,3
2025-03-26 20:00:00,161,1,400,20,Evening,3
2025-03-27 08:00:00,159,1,500,8,Morning,3
2025-03-27 09:00:00,149,1,500,9,Morning,3
2025-03-27 10:00:00,177,2,500,10,Morning,3
2025-03-27 11:00:00,174,3,500,11,Morning,3
2025-03-27 12:00:00,108,1,200,12,Afternoon,3
2025-03-27 13:00:00,133,1,200,13,Afternoon,3
2025-03-27 14:00:00,175,4,400,14,Afternoon,3
2025-03-27 15:00:00,198,2,400,15,Afternoon,3
2025-03-27 16:00:00,134,2,500,16,Afternoon,3
2025-03-27 17:00:00,100,3,300,17,Afternoon,3
2025-03-27 18:00:00,139,2,500,18,Evening,3
2025-03-27 19:00:00,163,4,400,19,Evening,3
2025-03-27 20:00:00,121,4,500,20,Evening,3
2025-03-28 08:00:00,159,3,400,8,Morning,3
2025-03-28 09:00:00,163,4,500,9,Morning,3
2025-03-28 10:00:00,192,1,300,10,Morning,3
2025-03-28 11:00:00,171,1,500,11,Morning,3
2025-03-28 12:00:00,110,4,300,12,Afternoon,3
2025-03-28 13:00:00,113,3,300,13,Afternoon,3
2025-03-28 14:00:00,159,2,400,14,Afternoon,3
2025-03-28 15:00:00,129,3,300,15,Afternoon,3
2025-03-28 16:00:00,134,2,200,16,Afternoon,3
2025-03-28 17:00:00,184,4,200,17,Afternoon,3
2025-03-28 18:00:00,136,4,200,18,Evening,3
2025-03-28 19:00:00,104,1,400,19,Evening,3
2025-03-28 20:00:00,182,2,200,20,Evening,3
2025-03-29 08:00:00,177,3,400,8,Morning,3
2025-03-29 09:00:00,125,4,400,9,Morning,3
2025-03-29 10:00:00,161,3,200,10,Morning,3
2025-03-29 11:00:00,103,1,300,11,Morning,3
2025-03-29 12:00:00,188,2,500,12,Afternoon,3
2025-03-29 13:00:00,141,2,400,13,Afternoon,3
2025-03-29 14:00:00,188,4,200,14,Afternoon,3
2025-03-29 15:00:00,117,2,400,15,Afternoon,3
2025-03-29 16:00:00,139,4,300,16,Afternoon,3
2025-03-29 17:00:00,171,1,300,17,Afternoon,3
2025-03-29 18:00:00,138,2,200,18,Evening,3
2025-03-29 19:00:00,113,4,400,19,Evening,3
2025-03-29 20:00:00,131,3,500,20,Evening,3
2025-03-30 08:00:00,150,4,500,8,Morning,3
2025-03-30 09:00:00,137,2,400,9,Morning,3
2025-03-30 10:00:00,196,1,400,10,Morning,3
2025-03-30 11:00:00,122,2,400,11,Morning,3
2025-03-30 12:00:00,162,2,200,12,Afternoon,3
2025-03-30 13:00:00,114,4,300,13,Afternoon,3
2025-03-30 14:00:00,196,3,500,14,Afternoon,3
2025-03-30 15:00:00,124,2,200,15,Afternoon,3
2025-03-30 16:00:00,116,3,400,16,Afternoon,3
2025-03-30 17:00:00,196,4,400,17,Afternoon,3
2025-03-30 18:00:00,165,3,300,18,Evening,3
2025-03-30 19:00:00,177,4,400,19,Evening,3
2025-03-30 20:00:00,152,1,200,20,Evening,3
2025-03-31 08:00:00,150,3,200,8,Morning,3
2025-03-31 09:00:00,138,3,300,9,Morning,3
2025-03-31 10:00:00,150,1,200,10,Morning,3
2025-03-31 11:00:00,169,3,500,11,Morning,3
2025-03-31 12:00:00,105,1,200,12,Afternoon,3
2025-03-31 13:00:00,166,2,200,13,Afternoon,3
2025-03-31 14:00:00,106,4,200,14,Afternoon,3
2025-03-31 15:00:00,150,1,500,15,Afternoon,3
2025-03-31 16:00:00,171,3,400,16,Afternoon,3
2025-03-31 17:00:00,141,1,200,17,Afternoon,3
2025-03-31 18:00:00,163,3,300,18,Evening,3
2025-03-31 19:00:00,114,2,500,19,Evening,3
2025-03-31 20:00:00,128,1,300,20,Evening,3
2025-04-01 08:00:00,132,2,200,8,Morning,4
2025-04-01 09:00:00,193,4,300,9,Morning,4
2025-04-01 10:00:00,126,3,200,10,Morning,4
2025-04-01 11:00:00,135,3,500,11,Morning,4
2025-04-01 12:00:00,128,2,300,12,Afternoon,4
2025-04-01 13:00:00,137,4,300,13,Afternoon,4
2025-04-01 14:00:00,156,1,200,14,Afternoon,4
2025-04-01 15:00:00,196,1,200,15,Afternoon,4
2025-04-01 16:00:00,126,3,400,16,Afternoon,4
2025-04-01 17:00:00,154,2,200,17,Afternoon,4
2025-04-01 18:00:00,132,2,200,18,Evening,4
2025-04-01 19:00:00,167,1,400,19,Evening,4
2025-04-01 20:00:00,185,4,200,20,Evening,4
2025-04-02 08:00:00,165,4,200,8,Morning,4
2025-04-02 09:00:00,109,1,400,9,Morning,4
2025-04-02 10:00:00,104,1,500,10,Morning,4
2025-04-02 11:00:00,173,2,500,11,Morning,4
2025-04-02 12:00:00,196,4,200,12,Afternoon,4
2025-04-02 13:00:00,137,1,200,13,Afternoon,4
2025-04-02 14:00:00,112,1,400,14,Afternoon,4
2025-04-02 15:00:00,130,3,400,15,Afternoon,4
2025-04-02 16:00:00,146,1,500,16,Afternoon,4
2025-04-02 17:00:00,199,1,300,17,Afternoon,4
2025-04-02 18:00:00,187,4,200,18,Evening,4
2025-04-02 19:00:00,151,2,300,19,Evening,4
2025-04-02 20:00:00,155,4,300,20,Evening,4
2025-04-03 08:00:00,114,2,400,8,Morning,4
2025-04-03 09:00:00,128,3,200,9,Morning,4
2025-04-03 10:00:00,107,1,200,10,Morning,4
2025-04-03 11:00:00,104,3,400,11,Morning,4
2025-04-03 12:00:00,128,2,300,12,Afternoon,4
2025-04-03 13:00:00,146,4,400,13,Afternoon,4
2025-04-03 14:00:00,167,4,500,14,Afternoon,4
2025-04-03 15:00:00,175,3,200,15,Afternoon,4
2025-04-03 16:00:00,144,2,500,16,Afternoon,4
2025-04-03 17:00:00,101,3,400,17,Afternoon,4
2025-04-03 18:00:00,126,3,200,18,Evening,4
2025-04-03 19:00:00,194,1,500,19,Evening,4
2025-04-03 20:00:00,135,3,500,20,Evening,4
2025-04-04 08:00:00,135,1,300,8,Morning,4
2025-04-04 09:00:00,125,1,200,9,Morning,4
2025-04-04 10:00:00,142,4,500,10,Morning,4
2025-04-04 11:00:00,126,1,500,11,Morning,4
2025-04-04 12:00:00,168,1,300,12,Afternoon,4
2025-04-04 13:00:00,119,4,500,13,Afternoon,4
2025-04-04 14:00:00,110,3,500,14,Afternoon,4
2025-04-04 15:00:00,173,2,500,15,Afternoon,4
2025-04-04 16:00:00,137,2,300,16,Afternoon,4
2025-04-04 17:00:00,105,2,500,17,Afternoon,4
2025-04-04 18:00:00,171,3,500,18,Evening,4
2025-04-04 19:00:00,122,1,200,19,Evening,4
2025-04-04 20:00:00,146,2,200,20,Evening,4
2025-04-05 08:00:00,189,3,300,8,Morning,4
2025-04-05 09:00:00,145,1,400,9,Morning,4
2025-04-05 10:00:00,111,4,200,10,Morning,4
2025-04-05 11:00:00,189,2,300,11,Morning,4
2025-04-05 12:00:00,112,1,500,12,Afternoon,4
2025-04-05 13:00:00,161,2,500,13,Afternoon,4
2025-04-05 14:00:00,181,2,300,14,Afternoon,4
2025-04-05 15:00:00,188,2,500,15,Afternoon,4
2025-04-05 16:00:00,196,1,500,16,Afternoon,4
2025-04-05 17:00:00,159,3,400,17,Afternoon,4
2025-04-05 18:00:00,142,1,500,18,Evening,4
2025-04-05 19:00:00,175,2,200,19,Evening,4
2025-04-05 20:00:00,199,1,500,20,Evening,4
2025-04-06 08:00:00,167,4,300,8,Morning,4
2025-04-06 09:00:00,104,3,400,9,Morning,4
2025-04-06 10:00:00,136,1,500,10,Morning,4
2025-04-06 11:00:00,171,4,300,11,Morning,4
2025-04-06 12:00:00,191,3,200,12,Afternoon,4
2025-04-06 13:00:00,130,4,500,13,Afternoon,4
2025-04-06 14:00:00,108,3,400,14,Afternoon,4
2025-04-06 15:00:00,150,1,500,15,Afternoon,4
2025-04-06 16:00:00,128,4,300,16,Afternoon,4
2025-04-06 17:00:00,177,2,400,17,Afternoon,4
2025-04-06 18:00:00,139,4,500,18,Evening,4
2025-04-06 19:00:00,140,3,200,19,Evening,4
2025-04-06 20:00:00,185,1,400,20,Evening,4
2025-04-07 08:00:00,110,3,200,8,Morning,4
2025-04-07 09:00:00,122,4,300,9,Morning,4
2025-04-07 10:00:00,100,4,500,10,Morning,4
2025-04-07 11:00:00,145,2,200,11,Morning,4
2025-04-07 12:00:00,120,1,300,12,Afternoon,4
2025-04-07 13:00:00,189,1,500,13,Afternoon,4
2025-04-07 14:00:00,135,4,300,14,Afternoon,4
2025-04-07 15:00:00,153,1,200,15,Afternoon,4
2025-04-07 16:00:00,186,2,300,16,Afternoon,4
2025-04-07 17:00:00,156,3,400,17,Afternoon,4
2025-04-07 18:00:00,100,1,500,18,Evening,4
2025-04-07 19:00:00,162,4,300,19,Evening,4
2025-04-07 20:00:00,153,3,200,20,Evening,4
2025-04-08 08:00:00,154,3,500,8,Morning,4
2025-04-08 09:00:00,139,2,400,9,Morning,4
2025-04-08 10:00:00,114,4,500,10,Morning,4
2025-04-08 11:00:00,120,1,400,11,Morning,4
2025-04-08 12:00:00,146,4,500,12,Afternoon,4
2025-04-08 13:00:00,172,3,300,13,Afternoon,4
2025-04-08 14:00:00,152,4,300,14,Afternoon,4
2025-04-08 15:00:00,108,1,200,15,Afternoon,4
2025-04-08 16:00:00,173,1,400,16,Afternoon,4
2025-04-08 17:00:00,151,2,200,17,Afternoon,4
2025-04-08 18:00:00,156,1,300,18,Evening,4
2025-04-08 19:00:00,125,1,400,19,Evening,4
2025-04-08 20:00:00,140,4,200,20,Evening,4
2025-04-09 08:00:00,134,4,200,8,Morning,4
2025-04-09 09:00:00,162,3,200,9,Morning,4
2025-04-09 10:00:00,124,2,200,10,Morning,4
2025-04-09 11:00:00,189,4,200,11,Morning,4
2025-04-09 12:00:00,174,1,400,12,Afternoon,4
2025-04-09 13:00:00,137,3,200,13,Afternoon,4
2025-04-09 14:00:00,101,4,400,14,Afternoon,4
2025-04-09 15:00:00,106,2,200,15,Afternoon,4
2025-04-09 16:00:00,181,2,300,16,Afternoon,4
2025-04-09 17:00:00,190,3,300,17,Afternoon,4
2025-04-09 18:00:00,133,3,200,18,Evening,4
2025-04-09 19:00:00,190,3,500,19,Evening,4
2025-04-09 20:00:00,116,3,300,20,Evening,4
2025-04-10 08:00:00,142,3,400,8,Morning,4
2025-04-10 09:00:00,158,1,200,9,Morning,4
2025-04-10 10:00:00,150,1,400,10,Morning,4
2025-04-10 11:00:00,153,4,500,11,Morning,4
2025-04-10 12:00:00,123,2,200,12,Afternoon,4
2025-04-10 13:00:00,124,1,300,13,Afternoon,4
2025-04-10 14:00:00,170,1,400,14,Afternoon,4
2025-04-10 15:00:00,151,1,300,15,Afternoon,4
2025-04-10 16:00:00,169,4,300,16,Afternoon,4
2025-04-10 17:00:00,187,3,200,17,Afternoon,4
2025-04-10 18:00:00,132,4,400,18,Evening,4
2025-04-10 19:00:00,148,2,500,19,Evening,4
2025-04-10 20:00:00,128,2,300,20,Evening,4
2025-04-11 08:00:00,162,2,200,8,Morning,4
2025-04-11 09:00:00,121,2,200,9,Morning,4
2025-04-11 10:00:00,125,1,500,10,Morning,4
2025-04-11 11:00:00,127,1,200,11,Morning,4
2025-04-11 12:00:00,184,4,300,12,Afternoon,4
2025-04-11 13:00:00,148,3,200,13,Afternoon,4
2025-04-11 14:00:00,170,2,400,14,Afternoon,4
2025-04-11 15:00:00,180,4,400,15,Afternoon,4
2025-04-11 16:00:00,183,1,300,16,Afternoon,4
2025-04-11 17:00:00,148,1,400,17,Afternoon,4
2025-04-11 18:00:00,119,3,500,18,Evening,4
2025-04-11 19:00:00,185,3,200,19,Evening,4
2025-04-11 20:00:00,191,3,300,20,Evening,4
2025-04-12 08:00:00,162,4,500,8,Morning,4
2025-04-12 09:00:00,160,1,200,9,Morning,4
2025-04-12 10:00:00,148,1,500,10,Morning,4
2025-04-12 11:00:00,170,3,300,11,Morning,4
2025-04-12 12:00:00,100,2,300,12,Afternoon,4
2025-04-12 13:00:00,195,3,500,13,Afternoon,4
2025-04-12 14:00:00,112,4,200,14,Afternoon,4
2025-04-12 15:00:00,193,3,400,15,Afternoon,4
2025-04-12 16:00:00,186,3,400,16,Afternoon,4
2025-04-12 17:00:00,150,4,500,17,Afternoon,4
2025-04-12 18:00:00,155,3,300,18,Evening,4
2025-04-12 19:00:00,182,1,200,19,Evening,4
2025-04-12 20:00:00,161,2,200,20,Evening,4
2025-04-13 08:00:00,131,3,300,8,Morning,4
2025-04-13 09:00:00,129,4,400,9,Morning,4
2025-04-13 10:00:00,128,2,200,10,Morning,4
2025-04-13 11:00:00,148,4,500,11,Morning,4
2025-04-13 12:00:00,144,2,400,12,Afternoon,4
2025-04-13 13:00:00,192,2,500,13,Afternoon,4
2025-04-13 14:00:00,129,3,400,14,Afternoon,4
2025-04-13 15:00:00,115,1,300,15,Afternoon,4
2025-04-13 16:00:00,139,3,500,16,Afternoon,4
2025-04-13 17:00:00,118,4,500,17,Afternoon,4
2025-04-13 18:00:00,117,4,300,18,Evening,4
2025-04-13 19:00:00,100,2,500,19,Evening,4
2025-04-13 20:00:00,177,2,400,20,Evening,4
2025-04-14 08:00:00,146,1,200,8,Morning,4
2025-04-14 09:00:00,165,3,200,9,Morning,4
2025-04-14 10:00:00,191,4,300,10,Morning,4
2025-04-14 11:00:00,193,2,400,11,Morning,4
2025-04-14 12:00:00,137,1,500,12,Afternoon,4
2025-04-14 13:00:00,150,4,500,13,Afternoon,4
2025-04-14 14:00:00,162,2,200,14,Afternoon,4
2025-04-14 15:00:00,103,4,500,15,Afternoon,4
2025-04-14 16:00:00,100,1,200,16,Afternoon,4
2025-04-14 17:00:00,107,1,300,17,Afternoon,4
2025-04-14 18:00:00,128,4,500,18,Evening,4
2025-04-14 19:00:00,154,3,400,19,Evening,4
2025-04-14 20:00:00,102,4,500,20,Evening,4
2025-04-15 08:00:00,131,2,200,8,Morning,4
2025-04-15 09:00:00,109,3,300,9,Morning,4
2025-04-15 10:00:00,173,2,200,10,Morning,4
2025-04-15 11:00:00,182,4,500,11,Morning,4
2025-04-15 12:00:00,133,3,200,12,Afternoon,4
2025-04-15 13:00:00,196,2,200,13,Afternoon,4
2025-04-15 14:00:00,186,4,300,14,Afternoon,4
2025-04-15 15:00:00,154,4,400,15,Afternoon,4
2025-04-15 16:00:00,191,3,500,16,Afternoon,4
2025-04-15 17:00:00,131,4,300,17,Afternoon,4
2025-04-15 18:00:00,149,1,400,18,Evening,4
2025-04-15 19:00:00,106,2,200,19,Evening,4
2025-04-15 20:00:00,192,2,400,20,Evening,4
2025-04-16 08:00:00,107,4,200,8,Morning,4
2025-04-16 09:00:00,164,4,200,9,Morning,4
2025-04-16 10:00:00,156,1,300,10,Morning,4
2025-04-16 11:00:00,166,3,200,11,Morning,4
2025-04-16 12:00:00,187,4,300,12,Afternoon,4
2025-04-16 13:00:00,186,4,400,13,Afternoon,4
2025-04-16 14:00:00,158,4,400,14,Afternoon,4
2025-04-16 15:00:00,171,4,200,15,Afternoon,4
2025-04-16 16:00:00,153,2,300,16,Afternoon,4
2025-04-16 17:00:00,166,4,200,17,Afternoon,4
2025-04-16 18:00:00,150,2,300,18,Evening,4
2025-04-16 19:00:00,196,4,300,19,Evening,4
2025-04-16 20:00:00,191,3,300,20,Evening,4
2025-04-17 08:00:00,107,1,400,8,Morning,4
2025-04-17 09:00:00,133,3,300,9,Morning,4
2025-04-17 10:00:00,134,4,400,10,Morning,4
2025-04-17 11:00:00,195,4,300,11,Morning,4
2025-04-17 12:00:00,187,4,400,12,Afternoon,4
2025-04-17 13:00:00,177,3,500,13,Afternoon,4
2025-04-17 14:00:00,131,4,400,14,Afternoon,4
2025-04-17 15:00:00,145,3,400,15,Afternoon,4
2025-04-17 16:00:00,115,2,200,16,Afternoon,4
2025-04-17 17:00:00,167,1,300,17,Afternoon,4
2025-04-17 18:00:00,136,1,500,18,Evening,4
2025-04-17 19:00:00,153,3,200,19,Evening,4
2025-04-17 20:00:00,184,2,300,20,Evening,4
2025-04-18 08:00:00,113,3,500,8,Morning,4
2025-04-18 09:00:00,194,2,500,9,Morning,4
2025-04-18 10:00:00,154,4,500,10,Morning,4
2025-04-18 11:00:00,147,2,300,11,Morning,4
2025-04-18 12:00:00,181,2,500,12,Afternoon,4
2025-04-18 13:00:00,106,2,500,13,Afternoon,4
2025-04-18 14:00:00,173,1,200,14,Afternoon,4
2025-04-18 15:00:00,106,2,400,15,Afternoon,4
2025-04-18 16:00:00,132,4,300,16,Afternoon,4
2025-04-18 17:00:00,122,4,400,17,Afternoon,4
2025-04-18 18:00:00,184,4,200,18,Evening,4
2025-04-18 19:00:00,118,2,400,19,Evening,4
2025-04-18 20:00:00,118,3,500,20,Evening,4
2025-04-19 08:00:00,135,3,500,8,Morning,4
2025-04-19 09:00:00,128,4,300,9,Morning,4
2025-04-19 10:00:00,159,1,300,10,Morning,4
2025-04-19 11:00:00,181,3,300,11,Morning,4
2025-04-19 12:00:00,101,2,200,12,Afternoon,4
2025-04-19 13:00:00,100,3,300,13,Afternoon,4
2025-04-19 14:00:00,146,4,200,14,Afternoon,4
2025-04-19 15:00:00,168,1,500,15,Afternoon,4
2025-04-19 16:00:00,119,3,400,16,Afternoon,4
2025-04-19 17:00:00,110,3,500,17,Afternoon,4
2025-04-19 18:00:00,101,4,500,18,Evening,4
2025-04-19 19:00:00,166,1,500,19,Evening,4
2025-04-19 20:00:00,186,1,300,20,Evening,4
2025-04-20 08:00:00,111,4,300,8,Morning,4
2025-04-20 09:00:00,119,2,300,9,Morning,4
2025-04-20 10:00:00,104,3,400,10,Morning,4
2025-04-20 11:00:00,136,2,300,11,Morning,4
2025-04-20 12:00:00,137,3,200,12,Afternoon,4
2025-04-20 13:00:00,193,3,500,13,Afternoon,4
2025-04-20 14:00:00,108,2,400,14,Afternoon,4
2025-04-20 15:00:00,197,4,400,15,Afternoon,4
2025-04-20 16:00:00,152,4,400,16,Afternoon,4
2025-04-20 17:00:00,143,3,400,17,Afternoon,4
2025-04-20 18:00:00,198,4,400,18,Evening,4
2025-04-20 19:00:00,185,3,200,19,Evening,4
2025-04-20 20:00:00,123,4,500,20,Evening,4
2025-04-21 08:00:00,180,3,400,8,Morning,4
2025-04-21 09:00:00,173,4,500,9,Morning,4
2025-04-21 10:00:00,129,1,300,10,Morning,4
2025-04-21 11:00:00,158,2,400,11,Morning,4
2025-04-21 12:00:00,186,1,400,12,Afternoon,4
2025-04-21 13:00:00,195,2,500,13,Afternoon,4
2025-04-21 14:00:00,180,2,400,14,Afternoon,4
2025-04-21 15:00:00,180,3,400,15,Afternoon,4
2025-04-21 16:00:00,113,2,400,16,Afternoon,4
2025-04-21 17:00:00,108,1,200,17,Afternoon,4
2025-04-21 18:00:00,139,1,200,18,Evening,4
2025-04-21 19:00:00,165,4,400,19,Evening,4
2025-04-21 20:00:00,124,1,200,20,Evening,4
2025-04-22 08:00:00,172,4,300,8,Morning,4
2025-04-22 09:00:00,121,2,400,9,Morning,4
2025-04-22 10:00:00,103,1,300,10,Morning,4
2025-04-22 11:00:00,125,2,500,11,Morning,4
2025-04-22 12:00:00,157,1,300,12,Afternoon,4
2025-04-22 13:00:00,128,1,500,13,Afternoon,4
2025-04-22 14:00:00,197,4,400,14,Afternoon,4
2025-04-22 15:00:00,186,2,500,15,Afternoon,4
2025-04-22 16:00:00,136,1,500,16,Afternoon,4
2025-04-22 17:00:00,174,3,300,17,Afternoon,4
2025-04-22 18:00:00,169,2,300,18,Evening,4
2025-04-22 19:00:00,117,2,300,19,Evening,4
2025-04-22 20:00:00,184,2,400,20,Evening,4
2025-04-23 08:00:00,141,4,400,8,Morning,4
2025-04-23 09:00:00,199,3,300,9,Morning,4
2025-04-23 10:00:00,140,2,400,10,Morning,4
2025-04-23 11:00:00,137,1,400,11,Morning,4
2025-04-23 12:00:00,133,1,500,12,Afternoon,4
2025-04-23 13:00:00,116,4,500,13,Afternoon,4
2025-04-23 14:00:00,136,1,300,14,Afternoon,4
2025-04-23 15:00:00,124,2,400,15,Afternoon,4
2025-04-23 16:00:00,175,1,500,16,Afternoon,4
2025-04-23 17:00:00,186,2,200,17,Afternoon,4
2025-04-23 18:00:00,185,1,400,18,Evening,4
2025-04-23 19:00:00,184,3,200,19,Evening,4
2025-04-23 20:00:00,126,4,300,20,Evening,4
2025-04-24 08:00:00,156,4,400,8,Morning,4
2025-04-24 09:00:00,130,3,300,9,Morning,4
2025-04-24 10:00:00,105,3,300,10,Morning,4
2025-04-24 11:00:00,190,4,300,11,Morning,4
2025-04-24 12:00:00,139,3,300,12,Afternoon,4
2025-04-24 13:00:00,197,2,300,13,Afternoon,4
2025-04-24 14:00:00,111,1,400,14,Afternoon,4
2025-04-24 15:00:00,152,4,200,15,Afternoon,4
2025-04-24 16:00:00,170,3,400,16,Afternoon,4
2025-04-24 17:00:00,109,2,400,17,Afternoon,4
2025-04-24 18:00:00,144,4,400,18,Evening,4
2025-04-24 19:00:00,116,3,500,19,Evening,4
2025-04-24 20:00:00,125,4,500,20,Evening,4
2025-04-25 08:00:00,184,3,400,8,Morning,4
2025-04-25 09:00:00,191,4,200,9,Morning,4
2025-04-25 10:00:00,161,2,400,10,Morning,4
2025-04-25 11:00:00,145,2,300,11,Morning,4
2025-04-25 12:00:00,163,1,500,12,Afternoon,4
2025-04-25 13:00:00,101,4,500,13,Afternoon,4
2025-04-25 14:00:00,153,1,400,14,Afternoon,4
2025-04-25 15:00:00,164,4,400,15,Afternoon,4
2025-04-25 16:00:00,150,3,200,16,Afternoon,4
2025-04-25 17:00:00,152,3,200,17,Afternoon,4
2025-04-25 18:00:00,135,1,300,18,Evening,4
2025-04-25 19:00:00,125,4,400,19,Evening,4
2025-04-25 20:00:00,128,1,400,20,Evening,4
2025-04-26 08:00:00,120,2,400,8,Morning,4
2025-04-26 09:00:00,110,1,500,9,Morning,4
2025-04-26 10:00:00,139,1,300,10,Morning,4
2025-04-26 11:00:00,110,3,200,11,Morning,4
2025-04-26 12:00:00,135,1,500,12,Afternoon,4
2025-04-26 13:00:00,158,4,500,13,Afternoon,4
2025-04-26 14:00:00,138,3,500,14,Afternoon,4
2025-04-26 15:00:00,198,1,500,15,Afternoon,4
2025-04-26 16:00:00,153,2,300,16,Afternoon,4
2025-04-26 17:00:00,197,1,400,17,Afternoon,4
2025-04-26 18:00:00,154,1,200,18,Evening,4
2025-04-26 19:00:00,123,1,200,19,Evening,4
2025-04-26 20:00:00,121,3,500,20,Evening,4
2025-04-27 08:00:00,168,4,500,8,Morning,4
2025-04-27 09:00:00,155,2,300,9,Morning,4
2025-04-27 10:00:00,132,1,500,10,Morning,4
2025-04-27 11:00:00,135,4,200,11,Morning,4
2025-04-27 12:00:00,119,4,200,12,Afternoon,4
2025-04-27 13:00:00,182,3,400,13,Afternoon,4
2025-04-27 14:00:00,198,2,400,14,Afternoon,4
2025-04-27 15:00:00,180,3,200,15,Afternoon,4
2025-04-27 16:00:00,161,4,200,16,Afternoon,4
2025-04-27 17:00:00,197,4,300,17,Afternoon,4
2025-04-27 18:00:00,172,4,300,18,Evening,4
2025-04-27 19:00:00,125,3,200,19,Evening,4
2025-04-27 20:00:00,165,2,500,20,Evening,4
2025-04-28 08:00:00,172,1,400,8,Morning,4
2025-04-28 09:00:00,172,3,200,9,Morning,4
2025-04-28 10:00:00,139,4,500,10,Morning,4
2025-04-28 11:00:00,116,3,200,11,Morning,4
2025-04-28 12:00:00,100,4,400,12,Afternoon,4
2025-04-28 13:00:00,188,1,400,13,Afternoon,4
2025-04-28 14:00:00,160,1,300,14,Afternoon,4
2025-04-28 15:00:00,142,2,300,15,Afternoon,4
2025-04-28 16:00:00,141,4,300,16,Afternoon,4
2025-04-28 17:00:00,124,2,300,17,Afternoon,4
2025-04-28 18:00:00,138,2,400,18,Evening,4
2025-04-28 19:00:00,134,1,500,19,Evening,4
2025-04-28 20:00:00,102,3,500,20,Evening,4
2025-04-29 08:00:00,143,3,500,8,Morning,4
2025-04-29 09:00:00,150,2,200,9,Morning,4
2025-04-29 10:00:00,193,1,300,10,Morning,4
2025-04-29 11:00:00,197,4,300,11,Morning,4
2025-04-29 12:00:00,111,3,400,12,Afternoon,4
2025-04-29 13:00:00,118,2,400,13,Afternoon,4
2025-04-29 14:00:00,143,3,200,14,Afternoon,4
2025-04-29 15:00:00,158,3,200,15,Afternoon,4
2025-04-29 16:00:00,148,4,500,16,Afternoon,4
2025-04-29 17:00:00,160,1,400,17,Afternoon,4
2025-04-29 18:00:00,116,4,300,18,Evening,4
2025-04-29 19:00:00,173,1,500,19,Evening,4
2025-04-29 20:00:00,156,3,300,20,Evening,4
2025-04-30 08:00:00,154,2,500,8,Morning,4
2025-04-30 09:00:00,146,4,300,9,Morning,4
2025-04-30 10:00:00,111,1,200,10,Morning,4
2025-04-30 11:00:00,161,3,500,11,Morning,4
2025-04-30 12:00:00,179,1,300,12,Afternoon,4
2025-04-30 13:00:00,187,1,300,13,Afternoon,4
2025-04-30 14:00:00,182,1,400,14,Afternoon,4
2025-04-30 15:00:00,107,3,500,15,Afternoon,4
2025-04-30 16:00:00,194,2,300,16,Afternoon,4
2025-04-30 17:00:00,120,2,400,17,Afternoon,4
2025-04-30 18:00:00,180,2,300,18,Evening,4
2025-04-30 19:00:00,186,1,500,19,Evening,4
2025-04-30 20:00:00,179,3,200,20,Evening,4
2025-05-01 08:00:00,169,1,500,8,Morning,5
2025-05-01 09:00:00,171,2,500,9,Morning,5
2025-05-01 10:00:00,124,2,300,10,Morning,5
2025-05-01 11:00:00,181,3,300,11,Morning,5
2025-05-01 12:00:00,188,1,500,12,Afternoon,5
2025-05-01 13:00:00,111,4,400,13,Afternoon,5
2025-05-01 14:00:00,114,4,400,14,Afternoon,5
2025-05-01 15:00:00,158,2,400,15,Afternoon,5
2025-05-01 16:00:00,125,3,300,16,Afternoon,5
2025-05-01 17:00:00,125,1,300,17,Afternoon,5
2025-05-01 18:00:00,146,1,500,18,Evening,5
2025-05-01 19:00:00,131,2,200,19,Evening,5
2025-05-01 20:00:00,109,2,300,20,Evening,5
2025-05-02 08:00:00,115,1,500,8,Morning,5
2025-05-02 09:00:00,170,1,500,9,Morning,5
2025-05-02 10:00:00,116,2,200,10,Morning,5
2025-05-02 11:00:00,122,1,400,11,Morning,5
2025-05-02 12:00:00,125,4,500,12,Afternoon,5
2025-05-02 13:00:00,184,2,500,13,Afternoon,5
2025-05-02 14:00:00,185,1,500,14,Afternoon,5
2025-05-02 15:00:00,106,2,400,15,Afternoon,5
2025-05-02 16:00:00,113,3,400,16,Afternoon,5
2025-05-02 17:00:00,178,2,200,17,Afternoon,5
2025-05-02 18:00:00,106,2,300,18,Evening,5
2025-05-02 19:00:00,108,3,400,19,Evening,5
2025-05-02 20:00:00,147,4,300,20,Evening,5
2025-05-03 08:00:00,171,1,300,8,Morning,5
2025-05-03 09:00:00,158,3,400,9,Morning,5
2025-05-03 10:00:00,186,2,500,10,Morning,5
2025-05-03 11:00:00,192,1,200,11,Morning,5
2025-05-03 12:00:00,181,3,300,12,Afternoon,5
2025-05-03 13:00:00,194,1,500,13,Afternoon,5
2025-05-03 14:00:00,193,1,400,14,Afternoon,5
2025-05-03 15:00:00,138,3,300,15,Afternoon,5
2025-05-03 16:00:00,198,1,300,16,Afternoon,5
2025-05-03 17:00:00,117,4,300,17,Afternoon,5
2025-05-03 18:00:00,158,3,500,18,Evening,5
2025-05-03 19:00:00,116,4,500,19,Evening,5
2025-05-03 20:00:00,113,2,500,20,Evening,5
2025-05-04 08:00:00,130,1,300,8,Morning,5
2025-05-04 09:00:00,123,2,300,9,Morning,5
2025-05-04 10:00:00,198,2,200,10,Morning,5
2025-05-04 11:00:00,159,1,200,11,Morning,5
2025-05-04 12:00:00,144,3,500,12,Afternoon,5
2025-05-04 13:00:00,197,1,500,13,Afternoon,5
2025-05-04 14:00:00,102,2,400,14,Afternoon,5
2025-05-04 15:00:00,136,2,500,15,Afternoon,5
2025-05-04 16:00:00,142,3,200,16,Afternoon,5
2025-05-04 17:00:00,139,1,200,17,Afternoon,5
2025-05-04 18:00:00,189,2,200,18,Evening,5
2025-05-04 19:00:00,154,4,300,19,Evening,5
2025-05-04 20:00:00,186,2,300,20,Evening,5
2025-05-05 08:00:00,138,2,500,8,Morning,5
2025-05-05 09:00:00,114,3,400,9,Morning,5
2025-05-05 10:00:00,103,4,400,10,Morning,5
2025-05-05 11:00:00,192,2,400,11,Morning,5
2025-05-05 12:00:00,185,2,300,12,Afternoon,5
2025-05-05 13:00:00,124,4,200,13,Afternoon,5
2025-05-05 14:00:00,112,1,200,14,Afternoon,5
2025-05-05 15:00:00,181,1,300,15,Afternoon,5
2025-05-05 16:00:00,132,2,400,16,Afternoon,5
2025-05-05 17:00:00,115,2,400,17,Afternoon,5
2025-05-05 18:00:00,141,1,500,18,Evening,5
2025-05-05 19:00:00,165,3,500,19,Evening,5
2025-05-05 20:00:00,154,4,400,20,Evening,5
2025-05-06 08:00:00,198,4,300,8,Morning,5
2025-05-06 09:00:00,141,3,400,9,Morning,5
2025-05-06 10:00:00,133,3,500,10,Morning,5
2025-05-06 11:00:00,129,3,400,11,Morning,5
2025-05-06 12:00:00,112,3,300,12,Afternoon,5
2025-05-06 13:00:00,112,3,200,13,Afternoon,5
2025-05-06 14:00:00,117,3,300,14,Afternoon,5
2025-05-06 15:00:00,131,4,300,15,Afternoon,5
2025-05-06 16:00:00,195,3,500,16,Afternoon,5
2025-05-06 17:00:00,198,1,300,17,Afternoon,5
2025-05-06 18:00:00,138,3,300,18,Evening,5
2025-05-06 19:00:00,145,3,500,19,Evening,5
2025-05-06 20:00:00,128,4,500,20,Evening,5
2025-05-07 08:00:00,161,4,200,8,Morning,5
2025-05-07 09:00:00,192,3,400,9,Morning,5
2025-05-07 10:00:00,161,4,300,10,Morning,5
2025-05-07 11:00:00,156,2,500,11,Morning,5
2025-05-07 12:00:00,115,4,200,12,Afternoon,5
2025-05-07 13:00:00,155,4,400,13,Afternoon,5
2025-05-07 14:00:00,109,4,500,14,Afternoon,5
2025-05-07 15:00:00,129,4,400,15,Afternoon,5
2025-05-07 16:00:00,124,1,400,16,Afternoon,5
2025-05-07 17:00:00,183,1,300,17,Afternoon,5
2025-05-07 18:00:00,104,1,300,18,Evening,5
2025-05-07 19:00:00,164,3,500,19,Evening,5
2025-05-07 20:00:00,193,3,400,20,Evening,5
2025-05-08 08:00:00,148,2,500,8,Morning,5
2025-05-08 09:00:00,102,1,500,9,Morning,5
2025-05-08 10:00:00,144,3,400,10,Morning,5
2025-05-08 11:00:00,113,4,500,11,Morning,5
2025-05-08 12:00:00,129,4,400,12,Afternoon,5
2025-05-08 13:00:00,167,1,400,13,Afternoon,5
2025-05-08 14:00:00,117,2,400,14,Afternoon,5
2025-05-08 15:00:00,161,2,400,15,Afternoon,5
2025-05-08 16:00:00,136,4,200,16,Afternoon,5
2025-05-08 17:00:00,124,2,400,17,Afternoon,5
2025-05-08 18:00:00,147,1,300,18,Evening,5
2025-05-08 19:00:00,164,4,300,19,Evening,5
2025-05-08 20:00:00,152,3,300,20,Evening,5
2025-05-09 08:00:00,178,3,400,8,Morning,5
2025-05-09 09:00:00,172,2,300,9,Morning,5
2025-05-09 10:00:00,114,4,200,10,Morning,5
2025-05-09 11:00:00,148,4,500,11,Morning,5
2025-05-09 12:00:00,187,3,400,12,Afternoon,5
2025-05-09 13:00:00,167,4,300,13,Afternoon,5
2025-05-09 14:00:00,111,4,200,14,Afternoon,5
2025-05-09 15:00:00,158,4,500,15,Afternoon,5
2025-05-09 16:00:00,136,2,200,16,Afternoon,5
2025-05-09 17:00:00,160,4,300,17,Afternoon,5
2025-05-09 18:00:00,142,1,200,18,Evening,5
2025-05-09 19:00:00,169,2,500,19,Evening,5
2025-05-09 20:00:00,138,4,300,20,Evening,5
2025-05-10 08:00:00,155,4,500,8,Morning,5
2025-05-10 09:00:00,162,1,200,9,Morning,5
2025-05-10 10:00:00,145,2,400,10,Morning,5
2025-05-10 11:00:00,187,3,400,11,Morning,5
2025-05-10 12:00:00,110,3,400,12,Afternoon,5
2025-05-10 13:00:00,161,2,400,13,Afternoon,5
2025-05-10 14:00:00,176,4,500,14,Afternoon,5
2025-05-10 15:00:00,197,4,400,15,Afternoon,5
2025-05-10 16:00:00,124,3,500,16,Afternoon,5
2025-05-10 17:00:00,170,3,300,17,Afternoon,5
2025-05-10 18:00:00,151,3,400,18,Evening,5
2025-05-10 19:00:00,103,1,500,19,Evening,5
2025-05-10 20:00:00,158,3,400,20,Evening,5
2025-05-11 08:00:00,171,1,400,8,Morning,5
2025-05-11 09:00:00,119,2,400,9,Morning,5
2025-05-11 10:00:00,192,4,500,10,Morning,5
2025-05-11 11:00:00,162,3,200,11,Morning,5
2025-05-11 12:00:00,153,4,400,12,Afternoon,5
2025-05-11 13:00:00,173,4,400,13,Afternoon,5
2025-05-11 14:00:00,197,3,300,14,Afternoon,5
2025-05-11 15:00:00,156,3,200,15,Afternoon,5
2025-05-11 16:00:00,189,2,500,16,Afternoon,5
2025-05-11 17:00:00,140,1,300,17,Afternoon,5
2025-05-11 18:00:00,102,1,400,18,Evening,5
2025-05-11 19:00:00,105,4,300,19,Evening,5
2025-05-11 20:00:00,104,3,300,20,Evening,5
2025-05-12 08:00:00,104,2,400,8,Morning,5
2025-05-12 09:00:00,153,2,200,9,Morning,5
2025-05-12 10:00:00,146,2,200,10,Morning,5
2025-05-12 11:00:00,186,2,300,11,Morning,5
2025-05-12 12:00:00,148,2,400,12,Afternoon,5
2025-05-12 13:00:00,108,1,500,13,Afternoon,5
2025-05-12 14:00:00,198,1,300,14,Afternoon,5
2025-05-12 15:00:00,119,1,500,15,Afternoon,5
2025-05-12 16:00:00,160,3,300,16,Afternoon,5
2025-05-12 17:00:00,134,4,300,17,Afternoon,5
2025-05-12 18:00:00,149,2,400,18,Evening,5
2025-05-12 19:00:00,181,3,400,19,Evening,5
2025-05-12 20:00:00,161,2,500,20,Evening,5
2025-05-13 08:00:00,116,1,500,8,Morning,5
2025-05-13 09:00:00,187,3,200,9,Morning,5
2025-05-13 10:00:00,102,1,400,10,Morning,5
2025-05-13 11:00:00,131,2,300,11,Morning,5
2025-05-13 12:00:00,198,2,300,12,Afternoon,5
2025-05-13 13:00:00,112,4,200,13,Afternoon,5
2025-05-13 14:00:00,188,2,400,14,Afternoon,5
2025-05-13 15:00:00,172,1,300,15,Afternoon,5
2025-05-13 16:00:00,167,2,200,16,Afternoon,5
2025-05-13 17:00:00,113,4,200,17,Afternoon,5
2025-05-13 18:00:00,197,4,300,18,Evening,5
2025-05-13 19:00:00,110,1,300,19,Evening,5
2025-05-13 20:00:00,155,3,500,20,Evening,5
2025-05-14 08:00:00,166,2,400,8,Morning,5
2025-05-14 09:00:00,191,4,500,9,Morning,5
2025-05-14 10:00:00,128,2,200,10,Morning,5
2025-05-14 11:00:00,108,2,300,11,Morning,5
2025-05-14 12:00:00,166,3,500,12,Afternoon,5
2025-05-14 13:00:00,124,4,200,13,Afternoon,5
2025-05-14 14:00:00,197,2,400,14,Afternoon,5
2025-05-14 15:00:00,175,4,300,15,Afternoon,5
2025-05-14 16:00:00,141,1,500,16,Afternoon,5
2025-05-14 17:00:00,108,1,400,17,Afternoon,5
2025-05-14 18:00:00,178,2,500,18,Evening,5
2025-05-14 19:00:00,139,4,200,19,Evening,5
2025-05-14 20:00:00,124,2,400,20,Evening,5
2025-05-15 08:00:00,104,4,500,8,Morning,5
2025-05-15 09:00:00,110,4,400,9,Morning,5
2025-05-15 10:00:00,158,3,200,10,Morning,5
2025-05-15 11:00:00,197,3,400,11,Morning,5
2025-05-15 12:00:00,187,3,500,12,Afternoon,5
2025-05-15 13:00:00,178,2,200,13,Afternoon,5
2025-05-15 14:00:00,137,3,300,14,Afternoon,5
2025-05-15 15:00:00,171,3,500,15,Afternoon,5
2025-05-15 16:00:00,104,1,500,16,Afternoon,5
2025-05-15 17:00:00,147,4,200,17,Afternoon,5
2025-05-15 18:00:00,189,4,200,18,Evening,5
2025-05-15 19:00:00,117,3,300,19,Evening,5
2025-05-15 20:00:00,169,4,500,20,Evening,5
2025-05-16 08:00:00,136,1,200,8,Morning,5
2025-05-16 09:00:00,159,1,300,9,Morning,5
2025-05-16 10:00:00,147,3,300,10,Morning,5
2025-05-16 11:00:00,176,1,200,11,Morning,5
2025-05-16 12:00:00,127,4,500,12,Afternoon,5
2025-05-16 13:00:00,168,2,400,13,Afternoon,5
2025-05-16 14:00:00,176,4,400,14,Afternoon,5
2025-05-16 15:00:00,180,2,300,15,Afternoon,5
2025-05-16 16:00:00,139,3,400,16,Afternoon,5
2025-05-16 17:00:00,144,2,400,17,Afternoon,5
2025-05-16 18:00:00,195,1,200,18,Evening,5
2025-05-16 19:00:00,161,4,300,19,Evening,5
2025-05-16 20:00:00,192,2,500,20,Evening,5
2025-05-17 08:00:00,157,4,300,8,Morning,5
2025-05-17 09:00:00,166,3,200,9,Morning,5
2025-05-17 10:00:00,155,3,400,10,Morning,5
2025-05-17 11:00:00,139,1,500,11,Morning,5
2025-05-17 12:00:00,197,3,300,12,Afternoon,5
2025-05-17 13:00:00,139,2,400,13,Afternoon,5
2025-05-17 14:00:00,190,3,300,14,Afternoon,5
2025-05-17 15:00:00,176,1,500,15,Afternoon,5
2025-05-17 16:00:00,132,4,300,16,Afternoon,5
2025-05-17 17:00:00,105,4,300,17,Afternoon,5
2025-05-17 18:00:00,187,3,300,18,Evening,5
2025-05-17 19:00:00,118,2,400,19,Evening,5
2025-05-17 20:00:00,179,1,500,20,Evening,5
2025-05-18 08:00:00,139,2,500,8,Morning,5
2025-05-18 09:00:00,191,1,400,9,Morning,5
2025-05-18 10:00:00,196,3,400,10,Morning,5
2025-05-18 11:00:00,158,1,400,11,Morning,5
2025-05-18 12:00:00,158,1,200,12,Afternoon,5
2025-05-18 13:00:00,147,3,300,13,Afternoon,5
2025-05-18 14:00:00,140,2,300,14,Afternoon,5
2025-05-18 15:00:00,112,3,500,15,Afternoon,5
2025-05-18 16:00:00,144,1,300,16,Afternoon,5
2025-05-18 17:00:00,188,3,200,17,Afternoon,5
2025-05-18 18:00:00,152,1,400,18,Evening,5
2025-05-18 19:00:00,141,3,500,19,Evening,5
2025-05-18 20:00:00,199,4,500,20,Evening,5
2025-05-19 08:00:00,162,4,300,8,Morning,5
2025-05-19 09:00:00,126,3,500,9,Morning,5
2025-05-19 10:00:00,137,2,400,10,Morning,5
2025-05-19 11:00:00,159,1,500,11,Morning,5
2025-05-19 12:00:00,106,4,400,12,Afternoon,5
2025-05-19 13:00:00,104,2,200,13,Afternoon,5
2025-05-19 14:00:00,144,1,200,14,Afternoon,5
2025-05-19 15:00:00,157,4,400,15,Afternoon,5
2025-05-19 16:00:00,130,4,300,16,Afternoon,5
2025-05-19 17:00:00,122,3,500,17,Afternoon,5
2025-05-19 18:00:00,141,1,300,18,Evening,5
2025-05-19 19:00:00,109,2,500,19,Evening,5
2025-05-19 20:00:00,131,2,200,20,Evening,5
2025-05-20 08:00:00,152,2,200,8,Morning,5
2025-05-20 09:00:00,129,1,200,9,Morning,5
2025-05-20 10:00:00,138,2,500,10,Morning,5
2025-05-20 11:00:00,130,2,200,11,Morning,5
2025-05-20 12:00:00,181,2,200,12,Afternoon,5
2025-05-20 13:00:00,199,3,200,13,Afternoon,5
2025-05-20 14:00:00,101,3,200,14,Afternoon,5
2025-05-20 15:00:00,177,1,300,15,Afternoon,5
2025-05-20 16:00:00,176,1,200,16,Afternoon,5
2025-05-20 17:00:00,192,2,200,17,Afternoon,5
2025-05-20 18:00:00,111,3,300,18,Evening,5
2025-05-20 19:00:00,138,4,300,19,Evening,5
2025-05-20 20:00:00,165,4,500,20,Evening,5
2025-05-21 08:00:00,195,2,400,8,Morning,5
2025-05-21 09:00:00,112,2,200,9,Morning,5
2025-05-21 10:00:00,145,3,200,10,Morning,5
2025-05-21 11:00:00,126,3,200,11,Morning,5
2025-05-21 12:00:00,116,3,500,12,Afternoon,5
2025-05-21 13:00:00,194,1,200,13,Afternoon,5
2025-05-21 14:00:00,197,1,400,14,Afternoon,5
2025-05-21 15:00:00,159,2,300,15,Afternoon,5
2025-05-21 16:00:00,163,1,500,16,Afternoon,5
2025-05-21 17:00:00,187,3,300,17,Afternoon,5
2025-05-21 18:00:00,134,3,200,18,Evening,5
2025-05-21 19:00:00,169,1,200,19,Evening,5
2025-05-21 20:00:00,182,4,200,20,Evening,5
2025-05-22 08:00:00,129,2,400,8,Morning,5
2025-05-22 09:00:00,170,4,400,9,Morning,5
2025-05-22 10:00:00,173,2,500,10,Morning,5
2025-05-22 11:00:00,195,4,300,11,Morning,5
2025-05-22 12:00:00,197,1,200,12,Afternoon,5
2025-05-22 13:00:00,162,2,200,13,Afternoon,5
2025-05-22 14:00:00,127,2,200,14,Afternoon,5
2025-05-22 15:00:00,159,2,200,15,Afternoon,5
2025-05-22 16:00:00,178,3,400,16,Afternoon,5
2025-05-22 17:00:00,193,3,300,17,Afternoon,5
2025-05-22 18:00:00,136,4,300,18,Evening,5
2025-05-22 19:00:00,192,1,500,19,Evening,5
2025-05-22 20:00:00,121,3,400,20,Evening,5
2025-05-23 08:00:00,167,2,200,8,Morning,5
2025-05-23 09:00:00,119,3,300,9,Morning,5
2025-05-23 10:00:00,195,1,300,10,Morning,5
2025-05-23 11:00:00,199,3,400,11,Morning,5
2025-05-23 12:00:00,167,2,500,12,Afternoon,5
2025-05-23 13:00:00,190,4,500,13,Afternoon,5
2025-05-23 14:00:00,163,2,200,14,Afternoon,5
2025-05-23 15:00:00,116,1,500,15,Afternoon,5
2025-05-23 16:00:00,111,4,300,16,Afternoon,5
2025-05-23 17:00:00,121,3,500,17,Afternoon,5
2025-05-23 18:00:00,116,3,200,18,Evening,5
2025-05-23 19:00:00,109,3,300,19,Evening,5
2025-05-23 20:00:00,164,4,500,20,Evening,5
2025-05-24 08:00:00,121,2,500,8,Morning,5
2025-05-24 09:00:00,189,4,400,9,Morning,5
2025-05-24 10:00:00,181,4,200,10,Morning,5
2025-05-24 11:00:00,149,1,500,11,Morning,5
2025-05-24 12:00:00,113,4,400,12,Afternoon,5
2025-05-24 13:00:00,163,3,300,13,Afternoon,5
2025-05-24 14:00:00,146,2,400,14,Afternoon,5
2025-05-24 15:00:00,128,2,400,15,Afternoon,5
2025-05-24 16:00:00,175,2,500,16,Afternoon,5
2025-05-24 17:00:00,135,3,500,17,Afternoon,5
2025-05-24 18:00:00,198,3,500,18,Evening,5
2025-05-24 19:00:00,151,3,400,19,Evening,5
2025-05-24 20:00:00,175,3,300,20,Evening,5
2025-05-25 08:00:00,106,3,200,8,Morning,5
2025-05-25 09:00:00,128,4,400,9,Morning,5
2025-05-25 10:00:00,110,3,500,10,Morning,5
2025-05-25 11:00:00,132,3,200,11,Morning,5
2025-05-25 12:00:00,105,3,300,12,Afternoon,5
2025-05-25 13:00:00,178,3,200,13,Afternoon,5
2025-05-25 14:00:00,131,2,500,14,Afternoon,5
2025-05-25 15:00:00,150,3,400,15,Afternoon,5
2025-05-25 16:00:00,174,4,400,16,Afternoon,5
2025-05-25 17:00:00,157,4,500,17,Afternoon,5
2025-05-25 18:00:00,186,4,400,18,Evening,5
2025-05-25 19:00:00,125,1,500,19,Evening,5
2025-05-25 20:00:00,197,2,400,20,Evening,5
2025-05-26 08:00:00,145,3,400,8,Morning,5
2025-05-26 09:00:00,197,1,400,9,Morning,5
2025-05-26 10:00:00,128,3,300,10,Morning,5
2025-05-26 11:00:00,103,1,300,11,Morning,5
2025-05-26 12:00:00,180,1,500,12,Afternoon,5
2025-05-26 13:00:00,198,4,300,13,Afternoon,5
2025-05-26 14:00:00,112,4,500,14,Afternoon,5
2025-05-26 15:00:00,138,1,200,15,Afternoon,5
2025-05-26 16:00:00,114,4,200,16,Afternoon,5
2025-05-26 17:00:00,128,1,300,17,Afternoon,5
2025-05-26 18:00:00,128,2,200,18,Evening,5
2025-05-26 19:00:00,174,4,200,19,Evening,5
2025-05-26 20:00:00,131,4,400,20,Evening,5
2025-05-27 08:00:00,101,4,400,8,Morning,5
2025-05-27 09:00:00,146,2,500,9,Morning,5
2025-05-27 10:00:00,177,1,200,10,Morning,5
2025-05-27 11:00:00,183,3,500,11,Morning,5
2025-05-27 12:00:00,121,4,500,12,Afternoon,5
2025-05-27 13:00:00,174,1,200,13,Afternoon,5
2025-05-27 14:00:00,126,2,300,14,Afternoon,5
2025-05-27 15:00:00,166,3,200,15,Afternoon,5
2025-05-27 16:00:00,180,4,400,16,Afternoon,5
2025-05-27 17:00:00,155,2,200,17,Afternoon,5
2025-05-27 18:00:00,191,2,300,18,Evening,5
2025-05-27 19:00:00,192,3,500,19,Evening,5
2025-05-27 20:00:00,120,1,500,20,Evening,5
2025-05-28 08:00:00,146,4,400,8,Morning,5
2025-05-28 09:00:00,179,4,400,9,Morning,5
2025-05-28 10:00:00,158,1,400,10,Morning,5
2025-05-28 11:00:00,183,1,500,11,Morning,5
2025-05-28 12:00:00,105,1,400,12,Afternoon,5
2025-05-28 13:00:00,118,3,200,13,Afternoon,5
2025-05-28 14:00:00,156,3,500,14,Afternoon,5
2025-05-28 15:00:00,168,4,300,15,Afternoon,5
2025-05-28 16:00:00,102,3,500,16,Afternoon,5
2025-05-28 17:00:00,100,2,200,17,Afternoon,5
2025-05-28 18:00:00,157,4,200,18,Evening,5
2025-05-28 19:00:00,137,3,400,19,Evening,5
2025-05-28 20:00:00,114,1,500,20,Evening,5
2025-05-29 08:00:00,133,2,500,8,Morning,5
2025-05-29 09:00:00,160,1,500,9,Morning,5
2025-05-29 10:00:00,134,4,300,10,Morning,5
2025-05-29 11:00:00,163,1,400,11,Morning,5
2025-05-29 12:00:00,124,3,200,12,Afternoon,5
2025-05-29 13:00:00,123,3,200,13,Afternoon,5
2025-05-29 14:00:00,111,4,400,14,Afternoon,5
2025-05-29 15:00:00,117,1,200,15,Afternoon,5
2025-05-29 16:00:00,114,4,200,16,Afternoon,5
2025-05-29 17:00:00,179,1,400,17,Afternoon,5
2025-05-29 18:00:00,126,2,200,18,Evening,5
2025-05-29 19:00:00,171,3,500,19,Evening,5
2025-05-29 20:00:00,159,4,300,20,Evening,5
2025-05-30 08:00:00,145,2,400,8,Morning,5
2025-05-30 09:00:00,188,2,300,9,Morning,5
2025-05-30 10:00:00,116,4,200,10,Morning,5
2025-05-30 11:00:00,192,4,200,11,Morning,5
2025-05-30 12:00:00,152,2,500,12,Afternoon,5
2025-05-30 13:00:00,107,1,400,13,Afternoon,5
2025-05-30 14:00:00,178,2,200,14,Afternoon,5
2025-05-30 15:00:00,126,4,400,15,Afternoon,5
2025-05-30 16:00:00,145,2,400,16,Afternoon,5
2025-05-30 17:00:00,149,1,400,17,Afternoon,5
2025-05-30 18:00:00,170,3,400,18,Evening,5
2025-05-30 19:00:00,102,3,400,19,Evening,5
2025-05-30 20:00:00,192,2,300,20,Evening,5
2025-05-31 08:00:00,163,1,500,8,Morning,5
2025-05-31 09:00:00,143,3,400,9,Morning,5
2025-05-31 10:00:00,152,2,300,10,Morning,5
2025-05-31 11:00:00,123,2,200,11,Morning,5
2025-05-31 12:00:00,159,1,400,12,Afternoon,5
2025-05-31 13:00:00,102,4,200,13,Afternoon,5
2025-05-31 14:00:00,119,2,400,14,Afternoon,5
2025-05-31 15:00:00,145,4,300,15,Afternoon,5
2025-05-31 16:00:00,114,4,300,16,Afternoon,5
2025-05-31 17:00:00,124,3,300,17,Afternoon,5
2025-05-31 18:00:00,193,4,500,18,Evening,5
2025-05-31 19:00:00,177,1,200,19,Evening,5
2025-05-31 20:00:00,170,3,500,20,Evening,5
2025-06-01 08:00:00,116,3,400,8,Morning,6
2025-06-01 09:00:00,183,3,200,9,Morning,6
2025-06-01 10:00:00,199,2,300,10,Morning,6
2025-06-01 11:00:00,108,2,200,11,Morning,6
2025-06-01 12:00:00,137,4,300,12,Afternoon,6
2025-06-01 13:00:00,147,3,500,13,Afternoon,6
2025-06-01 14:00:00,159,3,500,14,Afternoon,6
2025-06-01 15:00:00,162,1,300,15,Afternoon,6
2025-06-01 16:00:00,185,4,300,16,Afternoon,6
2025-06-01 17:00:00,101,1,400,17,Afternoon,6
2025-06-01 18:00:00,187,4,500,18,Evening,6
2025-06-01 19:00:00,171,4,500,19,Evening,6
2025-06-01 20:00:00,110,2,400,20,Evening,6
2025-06-02 08:00:00,163,2,500,8,Morning,6
2025-06-02 09:00:00,176,1,300,9,Morning,6
2025-06-02 10:00:00,180,4,200,10,Morning,6
2025-06-02 11:00:00,171,3,200,11,Morning,6
2025-06-02 12:00:00,120,2,500,12,Afternoon,6
2025-06-02 13:00:00,117,3,400,13,Afternoon,6
2025-06-02 14:00:00,193,1,300,14,Afternoon,6
2025-06-02 15:00:00,163,2,200,15,Afternoon,6
2025-06-02 16:00:00,181,2,300,16,Afternoon,6
2025-06-02 17:00:00,194,4,500,17,Afternoon,6
2025-06-02 18:00:00,137,1,500,18,Evening,6
2025-06-02 19:00:00,131,4,200,19,Evening,6
2025-06-02 20:00:00,110,2,500,20,Evening,6
2025-06-03 08:00:00,144,1,400,8,Morning,6
2025-06-03 09:00:00,188,2,500,9,Morning,6
2025-06-03 10:00:00,132,1,500,10,Morning,6
2025-06-03 11:00:00,140,2,500,11,Morning,6
2025-06-03 12:00:00,107,3,300,12,Afternoon,6
2025-06-03 13:00:00,110,3,300,13,Afternoon,6
2025-06-03 14:00:00,185,4,200,14,Afternoon,6
2025-06-03 15:00:00,150,3,200,15,Afternoon,6
2025-06-03 16:00:00,187,2,200,16,Afternoon,6
2025-06-03 17:00:00,140,2,500,17,Afternoon,6
2025-06-03 18:00:00,116,3,300,18,Evening,6
2025-06-03 19:00:00,175,4,400,19,Evening,6
2025-06-03 20:00:00,145,3,500,20,Evening,6
2025-06-04 08:00:00,131,1,500,8,Morning,6
2025-06-04 09:00:00,178,1,500,9,Morning,6
2025-06-04 10:00:00,179,1,400,10,Morning,6
2025-06-04 11:00:00,153,3,200,11,Morning,6
2025-06-04 12:00:00,185,3,400,12,Afternoon,6
2025-06-04 13:00:00,191,3,200,13,Afternoon,6
2025-06-04 14:00:00,119,1,400,14,Afternoon,6
2025-06-04 15:00:00,132,4,300,15,Afternoon,6
2025-06-04 16:00:00,173,2,500,16,Afternoon,6
2025-06-04 17:00:00,139,3,500,17,Afternoon,6
2025-06-04 18:00:00,131,4,500,18,Evening,6
2025-06-04 19:00:00,196,2,200,19,Evening,6
2025-06-04 20:00:00,101,2,400,20,Evening,6
2025-06-05 08:00:00,196,2,300,8,Morning,6
2025-06-05 09:00:00,132,4,400,9,Morning,6
2025-06-05 10:00:00,176,4,500,10,Morning,6
2025-06-05 11:00:00,129,1,300,11,Morning,6
2025-06-05 12:00:00,132,4,300,12,Afternoon,6
2025-06-05 13:00:00,176,4,500,13,Afternoon,6
2025-06-05 14:00:00,125,4,400,14,Afternoon,6
2025-06-05 15:00:00,121,2,500,15,Afternoon,6
2025-06-05 16:00:00,165,3,400,16,Afternoon,6
2025-06-05 17:00:00,137,1,300,17,Afternoon,6
2025-06-05 18:00:00,189,3,300,18,Evening,6
2025-06-05 19:00:00,145,3,500,19,Evening,6
2025-06-05 20:00:00,114,4,300,20,Evening,6
2025-06-06 08:00:00,197,1,200,8,Morning,6
2025-06-06 09:00:00,143,3,300,9,Morning,6
2025-06-06 10:00:00,148,3,200,10,Morning,6
2025-06-06 11:00:00,174,1,300,11,Morning,6
2025-06-06 12:00:00,160,4,500,12,Afternoon,6
2025-06-06 13:00:00,166,3,500,13,Afternoon,6
2025-06-06 14:00:00,105,2,200,14,Afternoon,6
2025-06-06 15:00:00,108,3,500,15,Afternoon,6
2025-06-06 16:00:00,105,2,300,16,Afternoon,6
2025-06-06 17:00:00,172,4,300,17,Afternoon,6
2025-06-06 18:00:00,194,3,500,18,Evening,6
2025-06-06 19:00:00,131,1,300,19,Evening,6
2025-06-06 20:00:00,140,1,400,20,Evening,6
2025-06-07 08:00:00,175,3,400,8,Morning,6
2025-06-07 09:00:00,107,4,300,9,Morning,6
2025-06-07 10:00:00,171,4,500,10,Morning,6
2025-06-07 11:00:00,149,1,200,11,Morning,6
2025-06-07 12:00:00,191,3,500,12,Afternoon,6
2025-06-07 13:00:00,161,4,200,13,Afternoon,6
2025-06-07 14:00:00,183,1,500,14,Afternoon,6
2025-06-07 15:00:00,161,2,300,15,Afternoon,6
2025-06-07 16:00:00,106,3,400,16,Afternoon,6
2025-06-07 17:00:00,174,2,500,17,Afternoon,6
2025-06-07 18:00:00,183,2,200,18,Evening,6
2025-06-07 19:00:00,179,4,400,19,Evening,6
2025-06-07 20:00:00,103,4,200,20,Evening,6
2025-06-08 08:00:00,105,4,300,8,Morning,6
2025-06-08 09:00:00,157,3,400,9,Morning,6
2025-06-08 10:00:00,121,2,200,10,Morning,6
2025-06-08 11:00:00,125,3,500,11,Morning,6
2025-06-08 12:00:00,102,4,300,12,Afternoon,6
2025-06-08 13:00:00,140,2,300,13,Afternoon,6
2025-06-08 14:00:00,159,3,300,14,Afternoon,6
2025-06-08 15:00:00,113,3,500,15,Afternoon,6
2025-06-08 16:00:00,174,1,500,16,Afternoon,6
2025-06-08 17:00:00,181,3,400,17,Afternoon,6
2025-06-08 18:00:00,111,4,500,18,Evening,6
2025-06-08 19:00:00,186,3,400,19,Evening,6
2025-06-08 20:00:00,111,2,300,20,Evening,6
2025-06-09 08:00:00,112,3,400,8,Morning,6
2025-06-09 09:00:00,124,1,200,9,Morning,6
2025-06-09 10:00:00,144,2,300,10,Morning,6
2025-06-09 11:00:00,118,2,300,11,Morning,6
2025-06-09 12:00:00,154,1,400,12,Afternoon,6
2025-06-09 13:00:00,199,4,300,13,Afternoon,6
2025-06-09 14:00:00,144,2,500,14,Afternoon,6
2025-06-09 15:00:00,107,4,200,15,Afternoon,6
2025-06-09 16:00:00,192,2,400,16,Afternoon,6
2025-06-09 17:00:00,152,2,400,17,Afternoon,6
2025-06-09 18:00:00,154,4,300,18,Evening,6
2025-06-09 19:00:00,131,2,500,19,Evening,6
2025-06-09 20:00:00,150,4,300,20,Evening,6
2025-06-10 08:00:00,143,1,300,8,Morning,6
2025-06-10 09:00:00,181,4,400,9,Morning,6
2025-06-10 10:00:00,169,1,300,10,Morning,6
2025-06-10 11:00:00,117,2,200,11,Morning,6
2025-06-10 12:00:00,182,4,300,12,Afternoon,6
2025-06-10 13:00:00,121,2,300,13,Afternoon,6
2025-06-10 14:00:00,136,4,400,14,Afternoon,6
2025-06-10 15:00:00,195,1,300,15,Afternoon,6
2025-06-10 16:00:00,155,1,500,16,Afternoon,6
2025-06-10 17:00:00,158,4,400,17,Afternoon,6
2025-06-10 18:00:00,102,1,300,18,Evening,6
2025-06-10 19:00:00,127,2,200,19,Evening,6
2025-06-10 20:00:00,173,2,200,20,Evening,6
2025-06-11 08:00:00,134,3,400,8,Morning,6
2025-06-11 09:00:00,160,1,400,9,Morning,6
2025-06-11 10:00:00,192,2,300,10,Morning,6
2025-06-11 11:00:00,153,4,500,11,Morning,6
2025-06-11 12:00:00,162,1,300,12,Afternoon,6
2025-06-11 13:00:00,178,2,200,13,Afternoon,6
2025-06-11 14:00:00,196,1,500,14,Afternoon,6
2025-06-11 15:00:00,106,4,500,15,Afternoon,6
2025-06-11 16:00:00,175,2,500,16,Afternoon,6
2025-06-11 17:00:00,148,3,300,17,Afternoon,6
2025-06-11 18:00:00,193,3,200,18,Evening,6
2025-06-11 19:00:00,184,1,400,19,Evening,6
2025-06-11 20:00:00,130,4,300,20,Evening,6
2025-06-12 08:00:00,157,2,400,8,Morning,6
2025-06-12 09:00:00,160,4,500,9,Morning,6
2025-06-12 10:00:00,123,2,500,10,Morning,6
2025-06-12 11:00:00,119,1,300,11,Morning,6
2025-06-12 12:00:00,136,2,200,12,Afternoon,6
2025-06-12 13:00:00,103,4,500,13,Afternoon,6
2025-06-12 14:00:00,191,4,400,14,Afternoon,6
2025-06-12 15:00:00,119,1,400,15,Afternoon,6
2025-06-12 16:00:00,159,4,300,16,Afternoon,6
2025-06-12 17:00:00,123,2,400,17,Afternoon,6
2025-06-12 18:00:00,149,1,200,18,Evening,6
2025-06-12 19:00:00,148,2,500,19,Evening,6
2025-06-12 20:00:00,150,4,400,20,Evening,6
2025-06-13 08:00:00,195,1,400,8,Morning,6
2025-06-13 09:00:00,135,2,500,9,Morning,6
2025-06-13 10:00:00,197,4,300,10,Morning,6
2025-06-13 11:00:00,199,4,400,11,Morning,6
2025-06-13 12:00:00,165,3,300,12,Afternoon,6
2025-06-13 13:00:00,178,4,300,13,Afternoon,6
2025-06-13 14:00:00,133,2,400,14,Afternoon,6
2025-06-13 15:00:00,135,1,200,15,Afternoon,6
2025-06-13 16:00:00,105,3,300,16,Afternoon,6
2025-06-13 17:00:00,138,4,400,17,Afternoon,6
2025-06-13 18:00:00,141,4,300,18,Evening,6
2025-06-13 19:00:00,157,4,500,19,Evening,6
2025-06-13 20:00:00,111,2,200,20,Evening,6
2025-06-14 08:00:00,102,3,200,8,Morning,6
2025-06-14 09:00:00,117,2,500,9,Morning,6
2025-06-14 10:00:00,139,3,500,10,Morning,6
2025-06-14 11:00:00,120,1,300,11,Morning,6
2025-06-14 12:00:00,114,2,500,12,Afternoon,6
2025-06-14 13:00:00,196,2,200,13,Afternoon,6
2025-06-14 14:00:00,198,1,500,14,Afternoon,6
2025-06-14 15:00:00,125,3,400,15,Afternoon,6
2025-06-14 16:00:00,107,4,400,16,Afternoon,6
2025-06-14 17:00:00,199,1,300,17,Afternoon,6
2025-06-14 18:00:00,193,4,200,18,Evening,6
2025-06-14 19:00:00,186,4,400,19,Evening,6
2025-06-14 20:00:00,141,1,500,20,Evening,6
2025-06-15 08:00:00,143,3,400,8,Morning,6
2025-06-15 09:00:00,113,4,400,9,Morning,6
2025-06-15 10:00:00,177,1,300,10,Morning,6
2025-06-15 11:00:00,101,2,500,11,Morning,6
2025-06-15 12:00:00,136,2,500,12,Afternoon,6
2025-06-15 13:00:00,168,2,500,13,Afternoon,6
2025-06-15 14:00:00,137,1,300,14,Afternoon,6
2025-06-15 15:00:00,140,2,500,15,Afternoon,6
2025-06-15 16:00:00,161,4,500,16,Afternoon,6
2025-06-15 17:00:00,159,2,400,17,Afternoon,6
2025-06-15 18:00:00,113,2,400,18,Evening,6
2025-06-15 19:00:00,188,4,500,19,Evening,6
2025-06-15 20:00:00,183,2,200,20,Evening,6
2025-06-16 08:00:00,101,4,200,8,Morning,6
2025-06-16 09:00:00,169,2,500,9,Morning,6
2025-06-16 10:00:00,116,4,200,10,Morning,6
2025-06-16 11:00:00,188,2,300,11,Morning,6
2025-06-16 12:00:00,127,4,400,12,Afternoon,6
2025-06-16 13:00:00,165,1,300,13,Afternoon,6
2025-06-16 14:00:00,134,4,400,14,Afternoon,6
2025-06-16 15:00:00,104,2,200,15,Afternoon,6
2025-06-16 16:00:00,164,2,200,16,Afternoon,6
2025-06-16 17:00:00,139,3,500,17,Afternoon,6
2025-06-16 18:00:00,175,4,200,18,Evening,6
2025-06-16 19:00:00,155,1,200,19,Evening,6
2025-06-16 20:00:00,135,4,500,20,Evening,6
2025-06-17 08:00:00,144,4,500,8,Morning,6
2025-06-17 09:00:00,122,1,400,9,Morning,6
2025-06-17 10:00:00,146,4,200,10,Morning,6
2025-06-17 11:00:00,130,1,400,11,Morning,6
2025-06-17 12:00:00,110,1,400,12,Afternoon,6
2025-06-17 13:00:00,109,4,300,13,Afternoon,6
2025-06-17 14:00:00,166,4,200,14,Afternoon,6
2025-06-17 15:00:00,113,2,200,15,Afternoon,6
2025-06-17 16:00:00,179,2,300,16,Afternoon,6
2025-06-17 17:00:00,173,3,400,17,Afternoon,6
2025-06-17 18:00:00,192,3,200,18,Evening,6
2025-06-17 19:00:00,109,4,400,19,Evening,6
2025-06-17 20:00:00,175,1,300,20,Evening,6
2025-06-18 08:00:00,193,3,500,8,Morning,6
2025-06-18 09:00:00,100,4,400,9,Morning,6
2025-06-18 10:00:00,104,3,200,10,Morning,6
2025-06-18 11:00:00,119,1,500,11,Morning,6
2025-06-18 12:00:00,107,4,400,12,Afternoon,6
2025-06-18 13:00:00,142,1,400,13,Afternoon,6
2025-06-18 14:00:00,175,4,500,14,Afternoon,6
2025-06-18 15:00:00,100,3,500,15,Afternoon,6
2025-06-18 16:00:00,156,2,500,16,Afternoon,6
2025-06-18 17:00:00,163,3,200,17,Afternoon,6
2025-06-18 18:00:00,183,3,200,18,Evening,6
2025-06-18 19:00:00,127,2,400,19,Evening,6
2025-06-18 20:00:00,136,2,400,20,Evening,6
2025-06-19 08:00:00,146,4,300,8,Morning,6
2025-06-19 09:00:00,175,4,200,9,Morning,6
2025-06-19 10:00:00,136,1,400,10,Morning,6
2025-06-19 11:00:00,148,1,500,11,Morning,6
2025-06-19 12:00:00,143,3,500,12,Afternoon,6
2025-06-19 13:00:00,155,2,200,13,Afternoon,6
2025-06-19 14:00:00,127,1,500,14,Afternoon,6
2025-06-19 15:00:00,178,3,300,15,Afternoon,6
2025-06-19 16:00:00,105,2,400,16,Afternoon,6
2025-06-19 17:00:00,160,4,400,17,Afternoon,6
2025-06-19 18:00:00,119,3,400,18,Evening,6
2025-06-19 19:00:00,177,4,200,19,Evening,6
2025-06-19 20:00:00,101,1,500,20,Evening,6
2025-06-20 08:00:00,172,1,300,8,Morning,6
2025-06-20 09:00:00,136,2,200,9,Morning,6
2025-06-20 10:00:00,119,3,400,10,Morning,6
2025-06-20 11:00:00,125,4,300,11,Morning,6
2025-06-20 12:00:00,128,2,400,12,Afternoon,6
2025-06-20 13:00:00,100,1,400,13,Afternoon,6
2025-06-20 14:00:00,134,1,200,14,Afternoon,6
2025-06-20 15:00:00,169,3,400,15,Afternoon,6
2025-06-20 16:00:00,158,4,300,16,Afternoon,6
2025-06-20 17:00:00,168,3,400,17,Afternoon,6
2025-06-20 18:00:00,132,4,500,18,Evening,6
2025-06-20 19:00:00,150,4,400,19,Evening,6
2025-06-20 20:00:00,177,3,200,20,Evening,6
2025-06-21 08:00:00,111,2,300,8,Morning,6
2025-06-21 09:00:00,119,3,200,9,Morning,6
2025-06-21 10:00:00,152,3,500,10,Morning,6
2025-06-21 11:00:00,187,1,400,11,Morning,6
2025-06-21 12:00:00,142,1,200,12,Afternoon,6
2025-06-21 13:00:00,197,3,200,13,Afternoon,6
2025-06-21 14:00:00,188,3,200,14,Afternoon,6
2025-06-21 15:00:00,149,1,200,15,Afternoon,6
2025-06-21 16:00:00,128,4,500,16,Afternoon,6
2025-06-21 17:00:00,156,3,500,17,Afternoon,6
2025-06-21 18:00:00,138,2,400,18,Evening,6
2025-06-21 19:00:00,194,2,400,19,Evening,6
2025-06-21 20:00:00,155,2,300,20,Evening,6
2025-06-22 08:00:00,142,3,500,8,Morning,6
2025-06-22 09:00:00,149,4,200,9,Morning,6
2025-06-22 10:00:00,122,4,200,10,Morning,6
2025-06-22 11:00:00,143,1,300,11,Morning,6
2025-06-22 12:00:00,137,3,200,12,Afternoon,6
2025-06-22 13:00:00,183,4,300,13,Afternoon,6
2025-06-22 14:00:00,122,3,400,14,Afternoon,6
2025-06-22 15:00:00,144,1,500,15,Afternoon,6
2025-06-22 16:00:00,151,1,300,16,Afternoon,6
2025-06-22 17:00:00,179,1,200,17,Afternoon,6
2025-06-22 18:00:00,149,2,300,18,Evening,6
2025-06-22 19:00:00,107,3,400,19,Evening,6
2025-06-22 20:00:00,184,1,200,20,Evening,6
2025-06-23 08:00:00,100,3,400,8,Morning,6
2025-06-23 09:00:00,107,2,400,9,Morning,6
2025-06-23 10:00:00,128,2,300,10,Morning,6
2025-06-23 11:00:00,195,1,400,11,Morning,6
2025-06-23 12:00:00,104,1,200,12,Afternoon,6
2025-06-23 13:00:00,185,4,400,13,Afternoon,6
2025-06-23 14:00:00,146,3,400,14,Afternoon,6
2025-06-23 15:00:00,133,1,300,15,Afternoon,6
2025-06-23 16:00:00,164,4,400,16,Afternoon,6
2025-06-23 17:00:00,154,3,500,17,Afternoon,6
2025-06-23 18:00:00,189,1,300,18,Evening,6
2025-06-23 19:00:00,142,4,300,19,Evening,6
2025-06-23 20:00:00,173,4,200,20,Evening,6
2025-06-24 08:00:00,129,3,200,8,Morning,6
2025-06-24 09:00:00,181,4,200,9,Morning,6
2025-06-24 10:00:00,116,3,200,10,Morning,6
2025-06-24 11:00:00,125,3,500,11,Morning,6
2025-06-24 12:00:00,107,3,300,12,Afternoon,6
2025-06-24 13:00:00,146,2,400,13,Afternoon,6
2025-06-24 14:00:00,175,4,200,14,Afternoon,6
2025-06-24 15:00:00,190,3,200,15,Afternoon,6
2025-06-24 16:00:00,171,1,200,16,Afternoon,6
2025-06-24 17:00:00,188,2,400,17,Afternoon,6
2025-06-24 18:00:00,145,2,200,18,Evening,6
2025-06-24 19:00:00,167,4,400,19,Evening,6
2025-06-24 20:00:00,132,3,300,20,Evening,6
2025-06-25 08:00:00,100,4,300,8,Morning,6
2025-06-25 09:00:00,118,2,300,9,Morning,6
2025-06-25 10:00:00,130,3,500,10,Morning,6
2025-06-25 11:00:00,179,1,400,11,Morning,6
2025-06-25 12:00:00,113,3,200,12,Afternoon,6
2025-06-25 13:00:00,152,2,200,13,Afternoon,6
2025-06-25 14:00:00,147,1,200,14,Afternoon,6
2025-06-25 15:00:00,168,3,200,15,Afternoon,6
2025-06-25 16:00:00,189,1,500,16,Afternoon,6
2025-06-25 17:00:00,161,1,200,17,Afternoon,6
2025-06-25 18:00:00,191,2,500,18,Evening,6
2025-06-25 19:00:00,165,1,400,19,Evening,6
2025-06-25 20:00:00,163,4,300,20,Evening,6
2025-06-26 08:00:00,169,2,200,8,Morning,6
2025-06-26 09:00:00,162,4,300,9,Morning,6
2025-06-26 10:00:00,172,1,400,10,Morning,6
2025-06-26 11:00:00,132,4,400,11,Morning,6
2025-06-26 12:00:00,140,3,200,12,Afternoon,6
2025-06-26 13:00:00,188,1,400,13,Afternoon,6
2025-06-26 14:00:00,147,3,300,14,Afternoon,6
2025-06-26 15:00:00,112,4,200,15,Afternoon,6
2025-06-26 16:00:00,172,3,500,16,Afternoon,6
2025-06-26 17:00:00,176,1,200,17,Afternoon,6
2025-06-26 18:00:00,130,3,300,18,Evening,6
2025-06-26 19:00:00,174,4,200,19,Evening,6
2025-06-26 20:00:00,167,4,200,20,Evening,6
2025-06-27 08:00:00,197,4,300,8,Morning,6
2025-06-27 09:00:00,103,1,200,9,Morning,6
2025-06-27 10:00:00,118,4,200,10,Morning,6
2025-06-27 11:00:00,169,1,300,11,Morning,6
2025-06-27 12:00:00,197,3,400,12,Afternoon,6
2025-06-27 13:00:00,181,4,300,13,Afternoon,6
2025-06-27 14:00:00,112,3,200,14,Afternoon,6
2025-06-27 15:00:00,122,2,500,15,Afternoon,6
2025-06-27 16:00:00,182,3,500,16,Afternoon,6
2025-06-27 17:00:00,174,2,300,17,Afternoon,6
2025-06-27 18:00:00,100,3,500,18,Evening,6
2025-06-27 19:00:00,187,1,200,19,Evening,6
2025-06-27 20:00:00,153,3,200,20,Evening,6
2025-06-28 08:00:00,170,1,300,8,Morning,6
2025-06-28 09:00:00,188,1,200,9,Morning,6
2025-06-28 10:00:00,184,4,400,10,Morning,6
2025-06-28 11:00:00,114,1,200,11,Morning,6
2025-06-28 12:00:00,164,2,300,12,Afternoon,6
2025-06-28 13:00:00,175,4,400,13,Afternoon,6
2025-06-28 14:00:00,170,4,400,14,Afternoon,6
2025-06-28 15:00:00,114,3,500,15,Afternoon,6
2025-06-28 16:00:00,120,1,200,16,Afternoon,6
2025-06-28 17:00:00,118,1,300,17,Afternoon,6
2025-06-28 18:00:00,159,2,500,18,Evening,6
2025-06-28 19:00:00,192,3,500,19,Evening,6
2025-06-28 20:00:00,188,3,200,20,Evening,6
2025-06-29 08:00:00,132,4,200,8,Morning,6
2025-06-29 09:00:00,148,4,300,9,Morning,6
2025-06-29 10:00:00,195,4,500,10,Morning,6
2025-06-29 11:00:00,134,2,300,11,Morning,6
2025-06-29 12:00:00,143,2,500,12,Afternoon,6
2025-06-29 13:00:00,189,4,500,13,Afternoon,6
2025-06-29 14:00:00,110,3,500,14,Afternoon,6
2025-06-29 15:00:00,198,2,200,15,Afternoon,6
2025-06-29 16:00:00,171,3,500,16,Afternoon,6
2025-06-29 17:00:00,177,3,500,17,Afternoon,6
2025-06-29 18:00:00,173,1,500,18,Evening,6
2025-06-29 19:00:00,165,4,400,19,Evening,6
2025-06-29 20:00:00,145,1,200,20,Evening,6
2025-06-30 08:00:00,108,4,400,8,Morning,6
2025-06-30 09:00:00,102,4,200,9,Morning,6
2025-06-30 10:00:00,184,3,300,10,Morning,6
2025-06-30 11:00:00,125,4,400,11,Morning,6
2025-06-30 12:00:00,171,3,300,12,Afternoon,6
2025-06-30 13:00:00,147,3,500,13,Afternoon,6
2025-06-30 14:00:00,165,4,300,14,Afternoon,6
2025-06-30 15:00:00,169,3,300,15,Afternoon,6
2025-06-30 16:00:00,127,3,300,16,Afternoon,6
2025-06-30 17:00:00,192,3,300,17,Afternoon,6
2025-06-30 18:00:00,125,2,200,18,Evening,6
2025-06-30 19:00:00,124,3,400,19,Evening,6
2025-06-30 20:00:00,111,2,200,20,Evening,6
2025-07-01 08:00:00,104,2,200,8,Morning,7
2025-07-01 09:00:00,197,3,200,9,Morning,7
2025-07-01 10:00:00,147,3,300,10,Morning,7
2025-07-01 11:00:00,136,2,200,11,Morning,7
2025-07-01 12:00:00,178,2,400,12,Afternoon,7
2025-07-01 13:00:00,143,3,200,13,Afternoon,7
2025-07-01 14:00:00,199,3,500,14,Afternoon,7
2025-07-01 15:00:00,114,4,300,15,Afternoon,7
2025-07-01 16:00:00,142,2,500,16,Afternoon,7
2025-07-01 17:00:00,147,2,400,17,Afternoon,7
2025-07-01 18:00:00,186,4,400,18,Evening,7
2025-07-01 19:00:00,169,2,400,19,Evening,7
2025-07-01 20:00:00,145,1,400,20,Evening,7
2025-07-02 08:00:00,142,2,200,8,Morning,7
2025-07-02 09:00:00,120,4,300,9,Morning,7
2025-07-02 10:00:00,122,1,400,10,Morning,7
2025-07-02 11:00:00,179,3,500,11,Morning,7
2025-07-02 12:00:00,146,4,400,12,Afternoon,7
2025-07-02 13:00:00,114,4,300,13,Afternoon,7
2025-07-02 14:00:00,124,3,500,14,Afternoon,7
2025-07-02 15:00:00,135,4,500,15,Afternoon,7
2025-07-02 16:00:00,174,2,500,16,Afternoon,7
2025-07-02 17:00:00,150,3,200,17,Afternoon,7
2025-07-02 18:00:00,114,4,400,18,Evening,7
2025-07-02 19:00:00,167,3,200,19,Evening,7
2025-07-02 20:00:00,120,3,500,20,Evening,7
2025-07-03 08:00:00,112,3,200,8,Morning,7
2025-07-03 09:00:00,185,1,200,9,Morning,7
2025-07-03 10:00:00,118,4,200,10,Morning,7
2025-07-03 11:00:00,133,1,400,11,Morning,7
2025-07-03 12:00:00,177,4,500,12,Afternoon,7
2025-07-03 13:00:00,167,2,500,13,Afternoon,7
2025-07-03 14:00:00,151,2,400,14,Afternoon,7
2025-07-03 15:00:00,126,2,200,15,Afternoon,7
2025-07-03 16:00:00,128,4,200,16,Afternoon,7
2025-07-03 17:00:00,127,3,300,17,Afternoon,7
2025-07-03 18:00:00,134,3,300,18,Evening,7
2025-07-03 19:00:00,107,1,300,19,Evening,7
2025-07-03 20:00:00,115,1,400,20,Evening,7
2025-07-04 08:00:00,135,2,500,8,Morning,7
2025-07-04 09:00:00,129,1,300,9,Morning,7
2025-07-04 10:00:00,117,4,500,10,Morning,7
2025-07-04 11:00:00,101,4,500,11,Morning,7
2025-07-04 12:00:00,148,1,500,12,Afternoon,7
2025-07-04 13:00:00,176,1,400,13,Afternoon,7
2025-07-04 14:00:00,103,1,400,14,Afternoon,7
2025-07-04 15:00:00,189,1,400,15,Afternoon,7
2025-07-04 16:00:00,188,2,400,16,Afternoon,7
2025-07-04 17:00:00,193,2,300,17,Afternoon,7
2025-07-04 18:00:00,174,1,200,18,Evening,7
2025-07-04 19:00:00,106,4,200,19,Evening,7
2025-07-04 20:00:00,194,2,200,20,Evening,7
2025-07-05 08:00:00,173,4,300,8,Morning,7
2025-07-05 09:00:00,138,3,200,9,Morning,7
2025-07-05 10:00:00,112,4,300,10,Morning,7
2025-07-05 11:00:00,130,1,300,11,Morning,7
2025-07-05 12:00:00,170,3,300,12,Afternoon,7
2025-07-05 13:00:00,162,2,200,13,Afternoon,7
2025-07-05 14:00:00,155,2,500,14,Afternoon,7
2025-07-05 15:00:00,141,3,200,15,Afternoon,7
2025-07-05 16:00:00,160,4,200,16,Afternoon,7
2025-07-05 17:00:00,141,2,400,17,Afternoon,7
2025-07-05 18:00:00,155,1,300,18,Evening,7
2025-07-05 19:00:00,135,3,500,19,Evening,7
2025-07-05 20:00:00,183,1,400,20,Evening,7
2025-07-06 08:00:00,167,3,500,8,Morning,7
2025-07-06 09:00:00,106,2,500,9,Morning,7
2025-07-06 10:00:00,153,4,300,10,Morning,7
2025-07-06 11:00:00,100,3,200,11,Morning,7
2025-07-06 12:00:00,143,3,300,12,Afternoon,7
2025-07-06 13:00:00,144,1,300,13,Afternoon,7
2025-07-06 14:00:00,146,2,400,14,Afternoon,7
2025-07-06 15:00:00,112,1,300,15,Afternoon,7
2025-07-06 16:00:00,121,2,200,16,Afternoon,7
2025-07-06 17:00:00,120,1,500,17,Afternoon,7
2025-07-06 18:00:00,185,3,300,18,Evening,7
2025-07-06 19:00:00,191,1,500,19,Evening,7
2025-07-06 20:00:00,108,4,300,20,Evening,7
2025-07-07 08:00:00,125,2,500,8,Morning,7
2025-07-07 09:00:00,108,2,300,9,Morning,7
2025-07-07 10:00:00,114,3,400,10,Morning,7
2025-07-07 11:00:00,109,2,500,11,Morning,7
2025-07-07 12:00:00,187,4,300,12,Afternoon,7
2025-07-07 13:00:00,141,1,300,13,Afternoon,7
2025-07-07 14:00:00,171,3,400,14,Afternoon,7
2025-07-07 15:00:00,123,4,400,15,Afternoon,7
2025-07-07 16:00:00,179,2,400,16,Afternoon,7
2025-07-07 17:00:00,148,2,500,17,Afternoon,7
2025-07-07 18:00:00,125,4,500,18,Evening,7
2025-07-07 19:00:00,190,1,400,19,Evening,7
2025-07-07 20:00:00,136,1,200,20,Evening,7
2025-07-08 08:00:00,167,3,200,8,Morning,7
2025-07-08 09:00:00,149,2,300,9,Morning,7
2025-07-08 10:00:00,123,4,200,10,Morning,7
2025-07-08 11:00:00,118,1,300,11,Morning,7
2025-07-08 12:00:00,199,3,500,12,Afternoon,7
2025-07-08 13:00:00,159,2,500,13,Afternoon,7
2025-07-08 14:00:00,138,2,200,14,Afternoon,7
2025-07-08 15:00:00,173,3,500,15,Afternoon,7
2025-07-08 16:00:00,188,3,400,16,Afternoon,7
2025-07-08 17:00:00,117,1,400,17,Afternoon,7
2025-07-08 18:00:00,118,4,200,18,Evening,7
2025-07-08 19:00:00,135,2,200,19,Evening,7
2025-07-08 20:00:00,173,4,300,20,Evening,7
2025-07-09 08:00:00,196,2,500,8,Morning,7
2025-07-09 09:00:00,154,2,300,9,Morning,7
2025-07-09 10:00:00,168,4,300,10,Morning,7
2025-07-09 11:00:00,146,3,400,11,Morning,7
2025-07-09 12:00:00,148,1,400,12,Afternoon,7
2025-07-09 13:00:00,198,2,400,13,Afternoon,7
2025-07-09 14:00:00,197,3,400,14,Afternoon,7
2025-07-09 15:00:00,132,2,300,15,Afternoon,7
2025-07-09 16:00:00,120,1,400,16,Afternoon,7
2025-07-09 17:00:00,180,2,500,17,Afternoon,7
2025-07-09 18:00:00,121,1,400,18,Evening,7
2025-07-09 19:00:00,147,1,400,19,Evening,7
2025-07-09 20:00:00,136,2,400,20,Evening,7
2025-07-10 08:00:00,114,2,200,8,Morning,7
2025-07-10 09:00:00,134,1,500,9,Morning,7
2025-07-10 10:00:00,191,3,500,10,Morning,7
2025-07-10 11:00:00,170,4,300,11,Morning,7
2025-07-10 12:00:00,131,1,300,12,Afternoon,7
2025-07-10 13:00:00,110,2,400,13,Afternoon,7
2025-07-10 14:00:00,109,2,200,14,Afternoon,7
2025-07-10 15:00:00,172,3,300,15,Afternoon,7
2025-07-10 16:00:00,177,4,300,16,Afternoon,7
2025-07-10 17:00:00,176,1,400,17,Afternoon,7
2025-07-10 18:00:00,156,1,400,18,Evening,7
2025-07-10 19:00:00,124,4,300,19,Evening,7
2025-07-10 20:00:00,101,1,300,20,Evening,7
2025-07-11 08:00:00,163,4,500,8,Morning,7
2025-07-11 09:00:00,134,2,200,9,Morning,7
2025-07-11 10:00:00,106,4,500,10,Morning,7
2025-07-11 11:00:00,184,1,300,11,Morning,7
2025-07-11 12:00:00,117,4,500,12,Afternoon,7
2025-07-11 13:00:00,166,3,500,13,Afternoon,7
2025-07-11 14:00:00,141,2,300,14,Afternoon,7
2025-07-11 15:00:00,138,2,400,15,Afternoon,7
2025-07-11 16:00:00,140,4,300,16,Afternoon,7
2025-07-11 17:00:00,174,1,400,17,Afternoon,7
2025-07-11 18:00:00,123,3,300,18,Evening,7
2025-07-11 19:00:00,159,2,300,19,Evening,7
2025-07-11 20:00:00,145,2,300,20,Evening,7
2025-07-12 08:00:00,118,1,200,8,Morning,7
2025-07-12 09:00:00,167,1,400,9,Morning,7
2025-07-12 10:00:00,189,3,200,10,Morning,7
2025-07-12 11:00:00,141,4,300,11,Morning,7
2025-07-12 12:00:00,131,1,500,12,Afternoon,7
2025-07-12 13:00:00,138,4,200,13,Afternoon,7
2025-07-12 14:00:00,135,3,400,14,Afternoon,7
2025-07-12 15:00:00,196,4,300,15,Afternoon,7
2025-07-12 16:00:00,135,2,200,16,Afternoon,7
2025-07-12 17:00:00,102,4,500,17,Afternoon,7
2025-07-12 18:00:00,172,3,200,18,Evening,7
2025-07-12 19:00:00,107,3,400,19,Evening,7
2025-07-12 20:00:00,196,3,200,20,Evening,7
2025-07-13 08:00:00,169,4,500,8,Morning,7
2025-07-13 09:00:00,140,2,500,9,Morning,7
2025-07-13 10:00:00,167,1,400,10,Morning,7
2025-07-13 11:00:00,112,2,500,11,Morning,7
2025-07-13 12:00:00,148,4,300,12,Afternoon,7
2025-07-13 13:00:00,159,4,500,13,Afternoon,7
2025-07-13 14:00:00,101,1,300,14,Afternoon,7
2025-07-13 15:00:00,159,4,200,15,Afternoon,7
2025-07-13 16:00:00,104,3,300,16,Afternoon,7
2025-07-13 17:00:00,143,3,300,17,Afternoon,7
2025-07-13 18:00:00,126,3,200,18,Evening,7
2025-07-13 19:00:00,131,3,500,19,Evening,7
2025-07-13 20:00:00,120,3,300,20,Evening,7
2025-07-14 08:00:00,107,4,500,8,Morning,7
2025-07-14 09:00:00,171,1,200,9,Morning,7
2025-07-14 10:00:00,149,1,400,10,Morning,7
2025-07-14 11:00:00,166,3,500,11,Morning,7
2025-07-14 12:00:00,143,4,500,12,Afternoon,7
2025-07-14 13:00:00,157,2,400,13,Afternoon,7
2025-07-14 14:00:00,102,2,400,14,Afternoon,7
2025-07-14 15:00:00,185,4,200,15,Afternoon,7
2025-07-14 16:00:00,169,3,500,16,Afternoon,7
2025-07-14 17:00:00,101,1,500,17,Afternoon,7
2025-07-14 18:00:00,186,4,200,18,Evening,7
2025-07-14 19:00:00,143,2,500,19,Evening,7
2025-07-14 20:00:00,101,2,300,20,Evening,7
2025-07-15 08:00:00,180,2,300,8,Morning,7
2025-07-15 09:00:00,134,3,300,9,Morning,7
2025-07-15 10:00:00,197,2,500,10,Morning,7
2025-07-15 11:00:00,186,4,300,11,Morning,7
2025-07-15 12:00:00,129,4,300,12,Afternoon,7
2025-07-15 13:00:00,107,2,200,13,Afternoon,7
2025-07-15 14:00:00,121,4,200,14,Afternoon,7
2025-07-15 15:00:00,143,2,400,15,Afternoon,7
2025-07-15 16:00:00,157,2,400,16,Afternoon,7
2025-07-15 17:00:00,135,1,400,17,Afternoon,7
2025-07-15 18:00:00,168,3,400,18,Evening,7
2025-07-15 19:00:00,176,3,200,19,Evening,7
2025-07-15 20:00:00,192,1,200,20,Evening,7
2025-07-16 08:00:00,130,1,200,8,Morning,7
2025-07-16 09:00:00,146,3,300,9,Morning,7
2025-07-16 10:00:00,154,2,300,10,Morning,7
2025-07-16 11:00:00,179,2,400,11,Morning,7
2025-07-16 12:00:00,161,3,300,12,Afternoon,7
2025-07-16 13:00:00,129,2,500,13,Afternoon,7
2025-07-16 14:00:00,154,1,200,14,Afternoon,7
2025-07-16 15:00:00,115,2,400,15,Afternoon,7
2025-07-16 16:00:00,111,2,400,16,Afternoon,7
2025-07-16 17:00:00,116,4,500,17,Afternoon,7
2025-07-16 18:00:00,115,4,300,18,Evening,7
2025-07-16 19:00:00,111,4,400,19,Evening,7
2025-07-16 20:00:00,107,2,300,20,Evening,7
2025-07-17 08:00:00,183,3,300,8,Morning,7
2025-07-17 09:00:00,102,1,500,9,Morning,7
2025-07-17 10:00:00,115,2,400,10,Morning,7
2025-07-17 11:00:00,129,3,300,11,Morning,7
2025-07-17 12:00:00,122,2,300,12,Afternoon,7
2025-07-17 13:00:00,191,1,500,13,Afternoon,7
2025-07-17 14:00:00,104,2,500,14,Afternoon,7
2025-07-17 15:00:00,183,1,300,15,Afternoon,7
2025-07-17 16:00:00,164,2,500,16,Afternoon,7
2025-07-17 17:00:00,129,1,300,17,Afternoon,7
2025-07-17 18:00:00,120,2,400,18,Evening,7
2025-07-17 19:00:00,183,1,200,19,Evening,7
2025-07-17 20:00:00,169,4,500,20,Evening,7
2025-07-18 08:00:00,121,2,200,8,Morning,7
2025-07-18 09:00:00,181,2,300,9,Morning,7
2025-07-18 10:00:00,171,3,300,10,Morning,7
2025-07-18 11:00:00,131,3,300,11,Morning,7
2025-07-18 12:00:00,132,1,200,12,Afternoon,7
2025-07-18 13:00:00,115,2,300,13,Afternoon,7
2025-07-18 14:00:00,175,1,500,14,Afternoon,7
2025-07-18 15:00:00,137,4,400,15,Afternoon,7
2025-07-18 16:00:00,197,3,400,16,Afternoon,7
2025-07-18 17:00:00,113,1,500,17,Afternoon,7
2025-07-18 18:00:00,135,1,400,18,Evening,7
2025-07-18 19:00:00,196,3,200,19,Evening,7
2025-07-18 20:00:00,122,2,300,20,Evening,7
2025-07-19 08:00:00,165,1,300,8,Morning,7
2025-07-19 09:00:00,184,3,300,9,Morning,7
2025-07-19 10:00:00,101,2,200,10,Morning,7
2025-07-19 11:00:00,190,4,200,11,Morning,7
2025-07-19 12:00:00,172,3,200,12,Afternoon,7
2025-07-19 13:00:00,164,1,500,13,Afternoon,7
2025-07-19 14:00:00,174,4,200,14,Afternoon,7
2025-07-19 15:00:00,166,2,400,15,Afternoon,7
2025-07-19 16:00:00,151,2,500,16,Afternoon,7
2025-07-19 17:00:00,161,3,500,17,Afternoon,7
2025-07-19 18:00:00,122,3,500,18,Evening,7
2025-07-19 19:00:00,125,3,200,19,Evening,7
2025-07-19 20:00:00,167,2,500,20,Evening,7
2025-07-20 08:00:00,181,4,200,8,Morning,7
2025-07-20 09:00:00,154,2,200,9,Morning,7
2025-07-20 10:00:00,105,1,500,10,Morning,7
2025-07-20 11:00:00,134,2,300,11,Morning,7
2025-07-20 12:00:00,121,1,300,12,Afternoon,7
2025-07-20 13:00:00,142,4,500,13,Afternoon,7
2025-07-20 14:00:00,114,3,300,14,Afternoon,7
2025-07-20 15:00:00,185,3,400,15,Afternoon,7
2025-07-20 16:00:00,159,2,400,16,Afternoon,7
2025-07-20 17:00:00,111,3,200,17,Afternoon,7
2025-07-20 18:00:00,148,4,300,18,Evening,7
2025-07-20 19:00:00,141,3,400,19,Evening,7
2025-07-20 20:00:00,137,2,500,20,Evening,7
2025-07-21 08:00:00,181,4,300,8,Morning,7
2025-07-21 09:00:00,144,1,400,9,Morning,7
2025-07-21 10:00:00,134,2,400,10,Morning,7
2025-07-21 11:00:00,129,1,500,11,Morning,7
2025-07-21 12:00:00,187,4,200,12,Afternoon,7
2025-07-21 13:00:00,129,2,500,13,Afternoon,7
2025-07-21 14:00:00,177,2,200,14,Afternoon,7
2025-07-21 15:00:00,105,4,400,15,Afternoon,7
2025-07-21 16:00:00,166,3,200,16,Afternoon,7
2025-07-21 17:00:00,179,2,400,17,Afternoon,7
2025-07-21 18:00:00,106,2,400,18,Evening,7
2025-07-21 19:00:00,151,1,300,19,Evening,7
2025-07-21 20:00:00,113,3,200,20,Evening,7
2025-07-22 08:00:00,172,1,200,8,Morning,7
2025-07-22 09:00:00,114,1,200,9,Morning,7
2025-07-22 10:00:00,120,3,500,10,Morning,7
2025-07-22 11:00:00,134,3,300,11,Morning,7
2025-07-22 12:00:00,165,4,300,12,Afternoon,7
2025-07-22 13:00:00,190,3,300,13,Afternoon,7
2025-07-22 14:00:00,101,2,500,14,Afternoon,7
2025-07-22 15:00:00,134,3,200,15,Afternoon,7
2025-07-22 16:00:00,181,4,200,16,Afternoon,7
2025-07-22 17:00:00,177,4,200,17,Afternoon,7
2025-07-22 18:00:00,119,4,300,18,Evening,7
2025-07-22 19:00:00,181,3,300,19,Evening,7
2025-07-22 20:00:00,109,3,400,20,Evening,7
2025-07-23 08:00:00,124,1,500,8,Morning,7
2025-07-23 09:00:00,165,1,500,9,Morning,7
2025-07-23 10:00:00,124,2,300,10,Morning,7
2025-07-23 11:00:00,153,1,400,11,Morning,7
2025-07-23 12:00:00,132,2,200,12,Afternoon,7
2025-07-23 13:00:00,135,4,300,13,Afternoon,7
2025-07-23 14:00:00,194,1,500,14,Afternoon,7
2025-07-23 15:00:00,113,3,500,15,Afternoon,7
2025-07-23 16:00:00,164,1,500,16,Afternoon,7
2025-07-23 17:00:00,179,2,200,17,Afternoon,7
2025-07-23 18:00:00,153,1,500,18,Evening,7
2025-07-23 19:00:00,151,4,200,19,Evening,7
2025-07-23 20:00:00,102,3,200,20,Evening,7
2025-07-24 08:00:00,198,2,200,8,Morning,7
2025-07-24 09:00:00,140,3,300,9,Morning,7
2025-07-24 10:00:00,105,3,200,10,Morning,7
2025-07-24 11:00:00,124,2,400,11,Morning,7
2025-07-24 12:00:00,112,3,500,12,Afternoon,7
2025-07-24 13:00:00,197,3,300,13,Afternoon,7
2025-07-24 14:00:00,107,1,500,14,Afternoon,7
2025-07-24 15:00:00,120,3,200,15,Afternoon,7
2025-07-24 16:00:00,197,3,300,16,Afternoon,7
2025-07-24 17:00:00,167,3,400,17,Afternoon,7
2025-07-24 18:00:00,124,3,200,18,Evening,7
2025-07-24 19:00:00,178,2,500,19,Evening,7
2025-07-24 20:00:00,167,4,400,20,Evening,7
2025-07-25 08:00:00,144,1,200,8,Morning,7
2025-07-25 09:00:00,159,3,400,9,Morning,7
2025-07-25 10:00:00,111,3,200,10,Morning,7
2025-07-25 11:00:00,131,2,300,11,Morning,7
2025-07-25 12:00:00,195,4,200,12,Afternoon,7
2025-07-25 13:00:00,191,3,300,13,Afternoon,7
2025-07-25 14:00:00,112,2,200,14,Afternoon,7
2025-07-25 15:00:00,130,1,200,15,Afternoon,7
2025-07-25 16:00:00,177,1,500,16,Afternoon,7
2025-07-25 17:00:00,119,3,400,17,Afternoon,7
2025-07-25 18:00:00,117,3,400,18,Evening,7
2025-07-25 19:00:00,192,4,400,19,Evening,7
2025-07-25 20:00:00,159,4,200,20,Evening,7
2025-07-26 08:00:00,162,3,200,8,Morning,7
2025-07-26 09:00:00,105,2,200,9,Morning,7
2025-07-26 10:00:00,131,4,300,10,Morning,7
2025-07-26 11:00:00,192,3,300,11,Morning,7
2025-07-26 12:00:00,142,4,500,12,Afternoon,7
2025-07-26 13:00:00,101,3,200,13,Afternoon,7
2025-07-26 14:00:00,159,1,400,14,Afternoon,7
2025-07-26 15:00:00,122,3,400,15,Afternoon,7
2025-07-26 16:00:00,182,1,500,16,Afternoon,7
2025-07-26 17:00:00,130,4,400,17,Afternoon,7
2025-07-26 18:00:00,104,3,500,18,Evening,7
2025-07-26 19:00:00,182,4,200,19,Evening,7
2025-07-26 20:00:00,133,1,400,20,Evening,7
2025-07-27 08:00:00,109,3,200,8,Morning,7
2025-07-27 09:00:00,188,4,300,9,Morning,7
2025-07-27 10:00:00,101,1,400,10,Morning,7
2025-07-27 11:00:00,110,4,300,11,Morning,7
2025-07-27 12:00:00,149,2,400,12,Afternoon,7
2025-07-27 13:00:00,130,1,200,13,Afternoon,7
2025-07-27 14:00:00,155,1,500,14,Afternoon,7
2025-07-27 15:00:00,178,1,200,15,Afternoon,7
2025-07-27 16:00:00,172,3,200,16,Afternoon,7
2025-07-27 17:00:00,186,3,200,17,Afternoon,7
2025-07-27 18:00:00,182,3,400,18,Evening,7
2025-07-27 19:00:00,108,2,500,19,Evening,7
2025-07-27 20:00:00,198,2,300,20,Evening,7
2025-07-28 08:00:00,120,1,200,8,Morning,7
2025-07-28 09:00:00,172,2,400,9,Morning,7
2025-07-28 10:00:00,127,4,300,10,Morning,7
2025-07-28 11:00:00,161,1,200,11,Morning,7
2025-07-28 12:00:00,106,1,300,12,Afternoon,7
2025-07-28 13:00:00,179,4,200,13,Afternoon,7
2025-07-28 14:00:00,115,1,300,14,Afternoon,7
2025-07-28 15:00:00,196,2,300,15,Afternoon,7
2025-07-28 16:00:00,103,3,500,16,Afternoon,7
2025-07-28 17:00:00,103,4,500,17,Afternoon,7
2025-07-28 18:00:00,139,2,200,18,Evening,7
2025-07-28 19:00:00,116,4,400,19,Evening,7
2025-07-28 20:00:00,151,4,500,20,Evening,7
2025-07-29 08:00:00,192,1,300,8,Morning,7
2025-07-29 09:00:00,151,1,500,9,Morning,7
2025-07-29 10:00:00,135,2,500,10,Morning,7
2025-07-29 11:00:00,137,4,200,11,Morning,7
2025-07-29 12:00:00,149,1,500,12,Afternoon,7
2025-07-29 13:00:00,162,1,500,13,Afternoon,7
2025-07-29 14:00:00,162,4,300,14,Afternoon,7
2025-07-29 15:00:00,161,2,500,15,Afternoon,7
2025-07-29 16:00:00,198,2,300,16,Afternoon,7
2025-07-29 17:00:00,106,4,500,17,Afternoon,7
2025-07-29 18:00:00,126,2,500,18,Evening,7
2025-07-29 19:00:00,191,1,400,19,Evening,7
2025-07-29 20:00:00,185,4,500,20,Evening,7
2025-07-30 08:00:00,113,1,300,8,Morning,7
2025-07-30 09:00:00,170,3,300,9,Morning,7
2025-07-30 10:00:00,185,3,200,10,Morning,7
2025-07-30 11:00:00,104,2,200,11,Morning,7
2025-07-30 12:00:00,154,3,400,12,Afternoon,7
2025-07-30 13:00:00,101,1,300,13,Afternoon,7
2025-07-30 14:00:00,161,3,300,14,Afternoon,7
2025-07-30 15:00:00,190,1,300,15,Afternoon,7
2025-07-30 16:00:00,120,2,400,16,Afternoon,7
2025-07-30 17:00:00,178,2,300,17,Afternoon,7
2025-07-30 18:00:00,120,1,200,18,Evening,7
2025-07-30 19:00:00,109,3,400,19,Evening,7
2025-07-30 20:00:00,186,2,200,20,Evening,7
2025-07-31 08:00:00,157,4,200,8,Morning,7
2025-07-31 09:00:00,138,2,400,9,Morning,7
2025-07-31 10:00:00,104,3,500,10,Morning,7
2025-07-31 11:00:00,164,4,500,11,Morning,7
2025-07-31 12:00:00,112,3,200,12,Afternoon,7
2025-07-31 13:00:00,184,1,500,13,Afternoon,7
2025-07-31 14:00:00,189,4,300,14,Afternoon,7
2025-07-31 15:00:00,184,3,400,15,Afternoon,7
2025-07-31 16:00:00,152,4,200,16,Afternoon,7
2025-07-31 17:00:00,181,3,300,17,Afternoon,7
2025-07-31 18:00:00,144,4,500,18,Evening,7
2025-07-31 19:00:00,131,3,300,19,Evening,7
2025-07-31 20:00:00,135,1,500,20,Evening,7
2025-08-01 08:00:00,180,4,200,8,Morning,8
2025-08-01 09:00:00,198,4,300,9,Morning,8
2025-08-01 10:00:00,159,4,400,10,Morning,8
2025-08-01 11:00:00,110,4,200,11,Morning,8
2025-08-01 12:00:00,162,1,300,12,Afternoon,8
2025-08-01 13:00:00,120,4,300,13,Afternoon,8
2025-08-01 14:00:00,151,2,500,14,Afternoon,8
2025-08-01 15:00:00,154,1,200,15,Afternoon,8
2025-08-01 16:00:00,125,2,200,16,Afternoon,8
2025-08-01 17:00:00,167,4,200,17,Afternoon,8
2025-08-01 18:00:00,133,3,200,18,Evening,8
2025-08-01 19:00:00,151,2,500,19,Evening,8
2025-08-01 20:00:00,181,4,400,20,Evening,8
2025-08-02 08:00:00,198,2,200,8,Morning,8
2025-08-02 09:00:00,192,4,500,9,Morning,8
2025-08-02 10:00:00,151,4,400,10,Morning,8
2025-08-02 11:00:00,128,4,400,11,Morning,8
2025-08-02 12:00:00,137,3,500,12,Afternoon,8
2025-08-02 13:00:00,141,2,200,13,Afternoon,8
2025-08-02 14:00:00,120,1,400,14,Afternoon,8
2025-08-02 15:00:00,141,1,200,15,Afternoon,8
2025-08-02 16:00:00,112,1,200,16,Afternoon,8
2025-08-02 17:00:00,163,1,300,17,Afternoon,8
2025-08-02 18:00:00,116,4,200,18,Evening,8
2025-08-02 19:00:00,108,2,300,19,Evening,8
2025-08-02 20:00:00,140,2,400,20,Evening,8
2025-08-03 08:00:00,100,3,500,8,Morning,8
2025-08-03 09:00:00,101,2,300,9,Morning,8
2025-08-03 10:00:00,159,2,500,10,Morning,8
2025-08-03 11:00:00,147,2,400,11,Morning,8
2025-08-03 12:00:00,128,3,200,12,Afternoon,8
2025-08-03 13:00:00,196,1,400,13,Afternoon,8
2025-08-03 14:00:00,109,2,500,14,Afternoon,8
2025-08-03 15:00:00,157,3,400,15,Afternoon,8
2025-08-03 16:00:00,159,3,200,16,Afternoon,8
2025-08-03 17:00:00,120,4,400,17,Afternoon,8
2025-08-03 18:00:00,127,3,200,18,Evening,8
2025-08-03 19:00:00,174,1,300,19,Evening,8
2025-08-03 20:00:00,133,2,500,20,Evening,8
2025-08-04 08:00:00,107,3,200,8,Morning,8
2025-08-04 09:00:00,158,1,200,9,Morning,8
2025-08-04 10:00:00,185,3,400,10,Morning,8
2025-08-04 11:00:00,171,3,300,11,Morning,8
2025-08-04 12:00:00,148,3,200,12,Afternoon,8
2025-08-04 13:00:00,178,3,300,13,Afternoon,8
2025-08-04 14:00:00,116,3,300,14,Afternoon,8
2025-08-04 15:00:00,159,1,400,15,Afternoon,8
2025-08-04 16:00:00,186,2,200,16,Afternoon,8
2025-08-04 17:00:00,187,2,400,17,Afternoon,8
2025-08-04 18:00:00,144,2,500,18,Evening,8
2025-08-04 19:00:00,182,2,500,19,Evening,8
2025-08-04 20:00:00,168,1,200,20,Evening,8
2025-08-05 08:00:00,131,4,300,8,Morning,8
2025-08-05 09:00:00,143,4,200,9,Morning,8
2025-08-05 10:00:00,164,1,200,10,Morning,8
2025-08-05 11:00:00,186,1,500,11,Morning,8
2025-08-05 12:00:00,107,3,500,12,Afternoon,8
2025-08-05 13:00:00,176,3,300,13,Afternoon,8
2025-08-05 14:00:00,171,3,300,14,Afternoon,8
2025-08-05 15:00:00,186,2,200,15,Afternoon,8
2025-08-05 16:00:00,142,3,400,16,Afternoon,8
2025-08-05 17:00:00,100,4,200,17,Afternoon,8
2025-08-05 18:00:00,150,2,300,18,Evening,8
2025-08-05 19:00:00,123,3,400,19,Evening,8
2025-08-05 20:00:00,198,2,500,20,Evening,8
2025-08-06 08:00:00,123,4,300,8,Morning,8
2025-08-06 09:00:00,116,3,300,9,Morning,8
2025-08-06 10:00:00,104,4,400,10,Morning,8
2025-08-06 11:00:00,119,4,300,11,Morning,8
2025-08-06 12:00:00,120,4,300,12,Afternoon,8
2025-08-06 13:00:00,157,3,300,13,Afternoon,8
2025-08-06 14:00:00,130,1,300,14,Afternoon,8
2025-08-06 15:00:00,199,3,300,15,Afternoon,8
2025-08-06 16:00:00,110,4,300,16,Afternoon,8
2025-08-06 17:00:00,151,3,300,17,Afternoon,8
2025-08-06 18:00:00,114,4,300,18,Evening,8
2025-08-06 19:00:00,182,1,500,19,Evening,8
2025-08-06 20:00:00,106,2,300,20,Evening,8
2025-08-07 08:00:00,127,1,500,8,Morning,8
2025-08-07 09:00:00,150,1,500,9,Morning,8
2025-08-07 10:00:00,157,2,200,10,Morning,8
2025-08-07 11:00:00,104,3,200,11,Morning,8
2025-08-07 12:00:00,104,2,500,12,Afternoon,8
2025-08-07 13:00:00,193,3,500,13,Afternoon,8
2025-08-07 14:00:00,195,3,300,14,Afternoon,8
2025-08-07 15:00:00,107,4,200,15,Afternoon,8
2025-08-07 16:00:00,163,4,400,16,Afternoon,8
2025-08-07 17:00:00,109,2,200,17,Afternoon,8
2025-08-07 18:00:00,137,1,500,18,Evening,8
2025-08-07 19:00:00,195,2,500,19,Evening,8
2025-08-07 20:00:00,191,3,300,20,Evening,8
2025-08-08 08:00:00,180,4,300,8,Morning,8
2025-08-08 09:00:00,194,2,200,9,Morning,8
2025-08-08 10:00:00,107,2,300,10,Morning,8
2025-08-08 11:00:00,124,4,400,11,Morning,8
2025-08-08 12:00:00,172,4,400,12,Afternoon,8
2025-08-08 13:00:00,165,4,300,13,Afternoon,8
2025-08-08 14:00:00,178,3,400,14,Afternoon,8
2025-08-08 15:00:00,149,4,400,15,Afternoon,8
2025-08-08 16:00:00,166,1,200,16,Afternoon,8
2025-08-08 17:00:00,148,2,400,17,Afternoon,8
2025-08-08 18:00:00,135,4,500,18,Evening,8
2025-08-08 19:00:00,167,4,500,19,Evening,8
2025-08-08 20:00:00,177,3,200,20,Evening,8
2025-08-09 08:00:00,140,3,300,8,Morning,8
2025-08-09 09:00:00,188,2,200,9,Morning,8
2025-08-09 10:00:00,161,1,300,10,Morning,8
2025-08-09 11:00:00,109,2,300,11,Morning,8
2025-08-09 12:00:00,120,4,300,12,Afternoon,8
2025-08-09 13:00:00,135,1,300,13,Afternoon,8
2025-08-09 14:00:00,111,1,300,14,Afternoon,8
2025-08-09 15:00:00,190,1,200,15,Afternoon,8
2025-08-09 16:00:00,101,1,300,16,Afternoon,8
2025-08-09 17:00:00,112,2,400,17,Afternoon,8
2025-08-09 18:00:00,152,3,400,18,Evening,8
2025-08-09 19:00:00,131,3,300,19,Evening,8
2025-08-09 20:00:00,194,4,400,20,Evening,8
2025-08-10 08:00:00,115,3,500,8,Morning,8
2025-08-10 09:00:00,131,3,200,9,Morning,8
2025-08-10 10:00:00,131,3,200,10,Morning,8
2025-08-10 11:00:00,197,3,300,11,Morning,8
2025-08-10 12:00:00,110,4,300,12,Afternoon,8
2025-08-10 13:00:00,109,2,500,13,Afternoon,8
2025-08-10 14:00:00,114,1,300,14,Afternoon,8
2025-08-10 15:00:00,116,3,400,15,Afternoon,8
2025-08-10 16:00:00,139,2,500,16,Afternoon,8
2025-08-10 17:00:00,117,3,400,17,Afternoon,8
2025-08-10 18:00:00,154,3,200,18,Evening,8
2025-08-10 19:00:00,172,1,400,19,Evening,8
2025-08-10 20:00:00,124,1,200,20,Evening,8
2025-08-11 08:00:00,158,1,400,8,Morning,8
2025-08-11 09:00:00,177,3,200,9,Morning,8
2025-08-11 10:00:00,188,3,300,10,Morning,8
2025-08-11 11:00:00,121,3,400,11,Morning,8
2025-08-11 12:00:00,129,1,200,12,Afternoon,8
2025-08-11 13:00:00,183,4,400,13,Afternoon,8
2025-08-11 14:00:00,184,2,500,14,Afternoon,8
2025-08-11 15:00:00,143,4,300,15,Afternoon,8
2025-08-11 16:00:00,131,3,200,16,Afternoon,8
2025-08-11 17:00:00,150,3,500,17,Afternoon,8
2025-08-11 18:00:00,145,4,400,18,Evening,8
2025-08-11 19:00:00,120,3,500,19,Evening,8
2025-08-11 20:00:00,198,2,400,20,Evening,8
2025-08-12 08:00:00,131,3,300,8,Morning,8
2025-08-12 09:00:00,193,2,500,9,Morning,8
2025-08-12 10:00:00,138,4,300,10,Morning,8
2025-08-12 11:00:00,111,4,200,11,Morning,8
2025-08-12 12:00:00,146,3,400,12,Afternoon,8
2025-08-12 13:00:00,117,2,400,13,Afternoon,8
2025-08-12 14:00:00,120,3,300,14,Afternoon,8
2025-08-12 15:00:00,112,1,300,15,Afternoon,8
2025-08-12 16:00:00,120,1,200,16,Afternoon,8
2025-08-12 17:00:00,107,1,500,17,Afternoon,8
2025-08-12 18:00:00,145,1,400,18,Evening,8
2025-08-12 19:00:00,106,3,400,19,Evening,8
2025-08-12 20:00:00,122,1,200,20,Evening,8
2025-08-13 08:00:00,195,2,200,8,Morning,8
2025-08-13 09:00:00,174,4,300,9,Morning,8
2025-08-13 10:00:00,185,4,300,10,Morning,8
2025-08-13 11:00:00,121,1,500,11,Morning,8
2025-08-13 12:00:00,188,1,200,12,Afternoon,8
2025-08-13 13:00:00,121,1,500,13,Afternoon,8
2025-08-13 14:00:00,191,3,200,14,Afternoon,8
2025-08-13 15:00:00,128,4,400,15,Afternoon,8
2025-08-13 16:00:00,112,1,200,16,Afternoon,8
2025-08-13 17:00:00,181,2,200,17,Afternoon,8
2025-08-13 18:00:00,101,1,400,18,Evening,8
2025-08-13 19:00:00,128,4,200,19,Evening,8
2025-08-13 20:00:00,184,1,500,20,Evening,8
2025-08-14 08:00:00,178,4,300,8,Morning,8
2025-08-14 09:00:00,151,1,300,9,Morning,8
2025-08-14 10:00:00,126,2,500,10,Morning,8
2025-08-14 11:00:00,149,1,400,11,Morning,8
2025-08-14 12:00:00,194,2,200,12,Afternoon,8
2025-08-14 13:00:00,178,2,500,13,Afternoon,8
2025-08-14 14:00:00,122,1,300,14,Afternoon,8
2025-08-14 15:00:00,187,2,300,15,Afternoon,8
2025-08-14 16:00:00,143,3,500,16,Afternoon,8
2025-08-14 17:00:00,176,1,300,17,Afternoon,8
2025-08-14 18:00:00,121,1,500,18,Evening,8
2025-08-14 19:00:00,142,2,300,19,Evening,8
2025-08-14 20:00:00,136,2,500,20,Evening,8
2025-08-15 08:00:00,160,1,200,8,Morning,8
2025-08-15 09:00:00,196,3,200,9,Morning,8
2025-08-15 10:00:00,155,2,200,10,Morning,8
2025-08-15 11:00:00,102,2,200,11,Morning,8
2025-08-15 12:00:00,162,4,300,12,Afternoon,8
2025-08-15 13:00:00,118,3,400,13,Afternoon,8
2025-08-15 14:00:00,122,3,500,14,Afternoon,8
2025-08-15 15:00:00,128,1,400,15,Afternoon,8
2025-08-15 16:00:00,129,3,300,16,Afternoon,8
2025-08-15 17:00:00,138,1,300,17,Afternoon,8
2025-08-15 18:00:00,124,4,400,18,Evening,8
2025-08-15 19:00:00,107,3,400,19,Evening,8
2025-08-15 20:00:00,157,2,300,20,Evening,8
2025-08-16 08:00:00,115,4,300,8,Morning,8
2025-08-16 09:00:00,171,1,500,9,Morning,8
2025-08-16 10:00:00,100,4,200,10,Morning,8
2025-08-16 11:00:00,104,1,200,11,Morning,8
2025-08-16 12:00:00,102,4,500,12,Afternoon,8
2025-08-16 13:00:00,164,1,400,13,Afternoon,8
2025-08-16 14:00:00,103,3,300,14,Afternoon,8
2025-08-16 15:00:00,198,2,400,15,Afternoon,8
2025-08-16 16:00:00,195,1,200,16,Afternoon,8
2025-08-16 17:00:00,163,4,200,17,Afternoon,8
2025-08-16 18:00:00,197,1,400,18,Evening,8
2025-08-16 19:00:00,188,1,200,19,Evening,8
2025-08-16 20:00:00,109,1,300,20,Evening,8
2025-08-17 08:00:00,120,4,500,8,Morning,8
2025-08-17 09:00:00,145,2,400,9,Morning,8
2025-08-17 10:00:00,190,3,300,10,Morning,8
2025-08-17 11:00:00,126,2,300,11,Morning,8
2025-08-17 12:00:00,165,1,200,12,Afternoon,8
2025-08-17 13:00:00,140,4,300,13,Afternoon,8
2025-08-17 14:00:00,112,2,400,14,Afternoon,8
2025-08-17 15:00:00,108,1,300,15,Afternoon,8
2025-08-17 16:00:00,135,3,500,16,Afternoon,8
2025-08-17 17:00:00,185,3,300,17,Afternoon,8
2025-08-17 18:00:00,189,3,300,18,Evening,8
2025-08-17 19:00:00,157,1,500,19,Evening,8
2025-08-17 20:00:00,153,4,300,20,Evening,8
2025-08-18 08:00:00,111,2,300,8,Morning,8
2025-08-18 09:00:00,180,3,200,9,Morning,8
2025-08-18 10:00:00,177,1,400,10,Morning,8
2025-08-18 11:00:00,113,1,200,11,Morning,8
2025-08-18 12:00:00,133,2,400,12,Afternoon,8
2025-08-18 13:00:00,152,3,500,13,Afternoon,8
2025-08-18 14:00:00,119,1,500,14,Afternoon,8
2025-08-18 15:00:00,174,2,500,15,Afternoon,8
2025-08-18 16:00:00,115,4,400,16,Afternoon,8
2025-08-18 17:00:00,194,4,400,17,Afternoon,8
2025-08-18 18:00:00,169,4,400,18,Evening,8
2025-08-18 19:00:00,155,3,500,19,Evening,8
2025-08-18 20:00:00,182,2,400,20,Evening,8
2025-08-19 08:00:00,157,2,300,8,Morning,8
2025-08-19 09:00:00,103,1,200,9,Morning,8
2025-08-19 10:00:00,103,1,500,10,Morning,8
2025-08-19 11:00:00,119,1,200,11,Morning,8
2025-08-19 12:00:00,109,2,300,12,Afternoon,8
2025-08-19 13:00:00,123,1,400,13,Afternoon,8
2025-08-19 14:00:00,198,2,200,14,Afternoon,8
2025-08-19 15:00:00,125,2,300,15,Afternoon,8
2025-08-19 16:00:00,136,4,300,16,Afternoon,8
2025-08-19 17:00:00,184,1,200,17,Afternoon,8
2025-08-19 18:00:00,153,4,500,18,Evening,8
2025-08-19 19:00:00,120,3,200,19,Evening,8
2025-08-19 20:00:00,173,3,500,20,Evening,8
2025-08-20 08:00:00,137,3,400,8,Morning,8
2025-08-20 09:00:00,145,2,500,9,Morning,8
2025-08-20 10:00:00,103,2,400,10,Morning,8
2025-08-20 11:00:00,159,2,200,11,Morning,8
2025-08-20 12:00:00,156,1,400,12,Afternoon,8
2025-08-20 13:00:00,144,4,300,13,Afternoon,8
2025-08-20 14:00:00,119,2,400,14,Afternoon,8
2025-08-20 15:00:00,116,4,500,15,Afternoon,8
2025-08-20 16:00:00,170,4,500,16,Afternoon,8
2025-08-20 17:00:00,103,4,500,17,Afternoon,8
2025-08-20 18:00:00,192,1,400,18,Evening,8
2025-08-20 19:00:00,113,1,500,19,Evening,8
2025-08-20 20:00:00,102,3,500,20,Evening,8
2025-08-21 08:00:00,187,3,300,8,Morning,8
2025-08-21 09:00:00,179,4,400,9,Morning,8
2025-08-21 10:00:00,157,3,300,10,Morning,8
2025-08-21 11:00:00,154,4,500,11,Morning,8
2025-08-21 12:00:00,103,1,500,12,Afternoon,8
2025-08-21 13:00:00,123,1,500,13,Afternoon,8
2025-08-21 14:00:00,133,1,400,14,Afternoon,8
2025-08-21 15:00:00,129,2,200,15,Afternoon,8
2025-08-21 16:00:00,181,4,500,16,Afternoon,8
2025-08-21 17:00:00,118,1,500,17,Afternoon,8
2025-08-21 18:00:00,130,4,500,18,Evening,8
2025-08-21 19:00:00,159,3,500,19,Evening,8
2025-08-21 20:00:00,159,3,400,20,Evening,8
2025-08-22 08:00:00,118,1,200,8,Morning,8
2025-08-22 09:00:00,148,4,200,9,Morning,8
2025-08-22 10:00:00,162,1,200,10,Morning,8
2025-08-22 11:00:00,182,3,500,11,Morning,8
2025-08-22 12:00:00,121,1,500,12,Afternoon,8
2025-08-22 13:00:00,123,4,200,13,Afternoon,8
2025-08-22 14:00:00,175,3,200,14,Afternoon,8
2025-08-22 15:00:00,129,2,500,15,Afternoon,8
2025-08-22 16:00:00,157,3,500,16,Afternoon,8
2025-08-22 17:00:00,130,2,300,17,Afternoon,8
2025-08-22 18:00:00,199,1,300,18,Evening,8
2025-08-22 19:00:00,163,1,300,19,Evening,8
2025-08-22 20:00:00,118,4,200,20,Evening,8
2025-08-23 08:00:00,147,2,400,8,Morning,8
2025-08-23 09:00:00,144,1,500,9,Morning,8
2025-08-23 10:00:00,199,2,300,10,Morning,8
2025-08-23 11:00:00,193,1,400,11,Morning,8
2025-08-23 12:00:00,154,3,500,12,Afternoon,8
2025-08-23 13:00:00,154,1,400,13,Afternoon,8
2025-08-23 14:00:00,196,4,200,14,Afternoon,8
2025-08-23 15:00:00,117,3,200,15,Afternoon,8
2025-08-23 16:00:00,162,4,200,16,Afternoon,8
2025-08-23 17:00:00,191,3,300,17,Afternoon,8
2025-08-23 18:00:00,146,2,500,18,Evening,8
2025-08-23 19:00:00,174,4,200,19,Evening,8
2025-08-23 20:00:00,156,1,300,20,Evening,8
2025-08-24 08:00:00,144,2,300,8,Morning,8
2025-08-24 09:00:00,132,1,300,9,Morning,8
2025-08-24 10:00:00,116,3,300,10,Morning,8
2025-08-24 11:00:00,169,3,200,11,Morning,8
2025-08-24 12:00:00,103,1,300,12,Afternoon,8
2025-08-24 13:00:00,119,1,200,13,Afternoon,8
2025-08-24 14:00:00,146,2,200,14,Afternoon,8
2025-08-24 15:00:00,190,1,300,15,Afternoon,8
2025-08-24 16:00:00,114,4,200,16,Afternoon,8
2025-08-24 17:00:00,169,4,500,17,Afternoon,8
2025-08-24 18:00:00,146,1,500,18,Evening,8
2025-08-24 19:00:00,177,4,400,19,Evening,8
2025-08-24 20:00:00,174,1,500,20,Evening,8
2025-08-25 08:00:00,108,2,200,8,Morning,8
2025-08-25 09:00:00,189,4,200,9,Morning,8
2025-08-25 10:00:00,115,4,500,10,Morning,8
2025-08-25 11:00:00,168,1,300,11,Morning,8
2025-08-25 12:00:00,160,4,300,12,Afternoon,8
2025-08-25 13:00:00,109,3,200,13,Afternoon,8
2025-08-25 14:00:00,149,2,300,14,Afternoon,8
2025-08-25 15:00:00,102,2,400,15,Afternoon,8
2025-08-25 16:00:00,176,4,400,16,Afternoon,8
2025-08-25 17:00:00,193,4,500,17,Afternoon,8
2025-08-25 18:00:00,169,3,500,18,Evening,8
2025-08-25 19:00:00,180,3,300,19,Evening,8
2025-08-25 20:00:00,150,4,200,20,Evening,8
2025-08-26 08:00:00,118,4,500,8,Morning,8
2025-08-26 09:00:00,141,3,400,9,Morning,8
2025-08-26 10:00:00,134,1,500,10,Morning,8
2025-08-26 11:00:00,145,3,500,11,Morning,8
2025-08-26 12:00:00,125,1,400,12,Afternoon,8
2025-08-26 13:00:00,168,2,200,13,Afternoon,8
2025-08-26 14:00:00,192,2,500,14,Afternoon,8
2025-08-26 15:00:00,163,3,500,15,Afternoon,8
2025-08-26 16:00:00,136,1,500,16,Afternoon,8
2025-08-26 17:00:00,183,3,300,17,Afternoon,8
2025-08-26 18:00:00,148,3,500,18,Evening,8
2025-08-26 19:00:00,120,1,400,19,Evening,8
2025-08-26 20:00:00,173,3,200,20,Evening,8
2025-08-27 08:00:00,163,2,200,8,Morning,8
2025-08-27 09:00:00,104,4,400,9,Morning,8
2025-08-27 10:00:00,199,4,300,10,Morning,8
2025-08-27 11:00:00,169,3,400,11,Morning,8
2025-08-27 12:00:00,189,1,200,12,Afternoon,8
2025-08-27 13:00:00,103,1,400,13,Afternoon,8
2025-08-27 14:00:00,138,2,300,14,Afternoon,8
2025-08-27 15:00:00,134,1,200,15,Afternoon,8
2025-08-27 16:00:00,100,1,300,16,Afternoon,8
2025-08-27 17:00:00,123,2,400,17,Afternoon,8
2025-08-27 18:00:00,156,3,500,18,Evening,8
2025-08-27 19:00:00,199,4,400,19,Evening,8
2025-08-27 20:00:00,169,2,300,20,Evening,8
2025-08-28 08:00:00,140,3,400,8,Morning,8
2025-08-28 09:00:00,153,2,500,9,Morning,8
2025-08-28 10:00:00,145,3,300,10,Morning,8
2025-08-28 11:00:00,159,2,400,11,Morning,8
2025-08-28 12:00:00,159,3,300,12,Afternoon,8
2025-08-28 13:00:00,156,2,300,13,Afternoon,8
2025-08-28 14:00:00,130,3,200,14,Afternoon,8
2025-08-28 15:00:00,183,2,200,15,Afternoon,8
2025-08-28 16:00:00,123,4,300,16,Afternoon,8
2025-08-28 17:00:00,188,4,400,17,Afternoon,8
2025-08-28 18:00:00,135,1,400,18,Evening,8
2025-08-28 19:00:00,184,3,400,19,Evening,8
2025-08-28 20:00:00,129,2,500,20,Evening,8
2025-08-29 08:00:00,123,3,300,8,Morning,8
2025-08-29 09:00:00,129,4,300,9,Morning,8
2025-08-29 10:00:00,185,3,500,10,Morning,8
2025-08-29 11:00:00,191,2,300,11,Morning,8
2025-08-29 12:00:00,106,3,300,12,Afternoon,8
2025-08-29 13:00:00,134,2,500,13,Afternoon,8
2025-08-29 14:00:00,154,4,200,14,Afternoon,8
2025-08-29 15:00:00,191,4,300,15,Afternoon,8
2025-08-29 16:00:00,113,4,500,16,Afternoon,8
2025-08-29 17:00:00,109,1,400,17,Afternoon,8
2025-08-29 18:00:00,179,4,200,18,Evening,8
2025-08-29 19:00:00,115,3,400,19,Evening,8
2025-08-29 20:00:00,153,1,300,20,Evening,8
2025-08-30 08:00:00,194,4,200,8,Morning,8
2025-08-30 09:00:00,188,3,500,9,Morning,8
2025-08-30 10:00:00,176,3,300,10,Morning,8
2025-08-30 11:00:00,169,3,500,11,Morning,8
2025-08-30 12:00:00,143,2,200,12,Afternoon,8
2025-08-30 13:00:00,172,1,400,13,Afternoon,8
2025-08-30 14:00:00,144,3,300,14,Afternoon,8
2025-08-30 15:00:00,199,2,300,15,Afternoon,8
2025-08-30 16:00:00,155,4,500,16,Afternoon,8
2025-08-30 17:00:00,183,3,200,17,Afternoon,8
2025-08-30 18:00:00,181,2,500,18,Evening,8
2025-08-30 19:00:00,156,3,200,19,Evening,8
2025-08-30 20:00:00,120,1,300,20,Evening,8
2025-08-31 08:00:00,167,1,200,8,Morning,8
2025-08-31 09:00:00,149,4,300,9,Morning,8
2025-08-31 10:00:00,132,3,200,10,Morning,8
2025-08-31 11:00:00,190,2,400,11,Morning,8
2025-08-31 12:00:00,106,4,200,12,Afternoon,8
2025-08-31 13:00:00,169,3,400,13,Afternoon,8
2025-08-31 14:00:00,114,4,200,14,Afternoon,8
2025-08-31 15:00:00,181,2,200,15,Afternoon,8
2025-08-31 16:00:00,131,4,500,16,Afternoon,8
2025-08-31 17:00:00,174,4,500,17,Afternoon,8
2025-08-31 18:00:00,119,4,300,18,Evening,8
2025-08-31 19:00:00,187,3,500,19,Evening,8
2025-08-31 20:00:00,114,2,200,20,Evening,8
2025-09-01 08:00:00,147,1,500,8,Morning,9
2025-09-01 09:00:00,170,3,200,9,Morning,9
2025-09-01 10:00:00,120,1,400,10,Morning,9
2025-09-01 11:00:00,141,1,200,11,Morning,9
2025-09-01 12:00:00,125,3,300,12,Afternoon,9
2025-09-01 13:00:00,113,3,400,13,Afternoon,9
2025-09-01 14:00:00,156,2,300,14,Afternoon,9
2025-09-01 15:00:00,136,2,300,15,Afternoon,9
2025-09-01 16:00:00,157,4,300,16,Afternoon,9
2025-09-01 17:00:00,120,1,500,17,Afternoon,9
2025-09-01 18:00:00,181,2,300,18,Evening,9
2025-09-01 19:00:00,168,4,400,19,Evening,9
2025-09-01 20:00:00,102,2,200,20,Evening,9
2025-09-02 08:00:00,186,3,300,8,Morning,9
2025-09-02 09:00:00,189,2,400,9,Morning,9
2025-09-02 10:00:00,136,1,300,10,Morning,9
2025-09-02 11:00:00,187,2,200,11,Morning,9
2025-09-02 12:00:00,148,1,400,12,Afternoon,9
2025-09-02 13:00:00,118,3,400,13,Afternoon,9
2025-09-02 14:00:00,188,1,200,14,Afternoon,9
2025-09-02 15:00:00,184,2,400,15,Afternoon,9
2025-09-02 16:00:00,111,4,200,16,Afternoon,9
2025-09-02 17:00:00,160,3,400,17,Afternoon,9
2025-09-02 18:00:00,140,2,400,18,Evening,9
2025-09-02 19:00:00,132,3,200,19,Evening,9
2025-09-02 20:00:00,149,3,200,20,Evening,9
2025-09-03 08:00:00,167,2,400,8,Morning,9
2025-09-03 09:00:00,170,2,400,9,Morning,9
2025-09-03 10:00:00,185,4,200,10,Morning,9
2025-09-03 11:00:00,132,3,500,11,Morning,9
2025-09-03 12:00:00,180,3,200,12,Afternoon,9
2025-09-03 13:00:00,123,2,400,13,Afternoon,9
2025-09-03 14:00:00,160,1,400,14,Afternoon,9
2025-09-03 15:00:00,160,2,400,15,Afternoon,9
2025-09-03 16:00:00,197,3,200,16,Afternoon,9
2025-09-03 17:00:00,127,2,400,17,Afternoon,9
2025-09-03 18:00:00,157,4,500,18,Evening,9
2025-09-03 19:00:00,142,1,300,19,Evening,9
2025-09-03 20:00:00,140,2,500,20,Evening,9
2025-09-04 08:00:00,138,4,200,8,Morning,9
2025-09-04 09:00:00,185,3,400,9,Morning,9
2025-09-04 10:00:00,148,2,200,10,Morning,9
2025-09-04 11:00:00,116,3,300,11,Morning,9
2025-09-04 12:00:00,197,4,200,12,Afternoon,9
2025-09-04 13:00:00,169,3,400,13,Afternoon,9
2025-09-04 14:00:00,169,4,300,14,Afternoon,9
2025-09-04 15:00:00,197,4,300,15,Afternoon,9
2025-09-04 16:00:00,164,4,400,16,Afternoon,9
2025-09-04 17:00:00,173,2,400,17,Afternoon,9
2025-09-04 18:00:00,184,3,400,18,Evening,9
2025-09-04 19:00:00,104,3,200,19,Evening,9
2025-09-04 20:00:00,101,1,500,20,Evening,9
2025-09-05 08:00:00,121,1,200,8,Morning,9
2025-09-05 09:00:00,156,1,200,9,Morning,9
2025-09-05 10:00:00,165,1,500,10,Morning,9
2025-09-05 11:00:00,173,3,400,11,Morning,9
2025-09-05 12:00:00,197,4,400,12,Afternoon,9
2025-09-05 13:00:00,115,4,500,13,Afternoon,9
2025-09-05 14:00:00,150,2,500,14,Afternoon,9
2025-09-05 15:00:00,138,4,200,15,Afternoon,9
2025-09-05 16:00:00,185,3,300,16,Afternoon,9
2025-09-05 17:00:00,175,3,500,17,Afternoon,9
2025-09-05 18:00:00,187,3,200,18,Evening,9
2025-09-05 19:00:00,139,2,300,19,Evening,9
2025-09-05 20:00:00,137,1,400,20,Evening,9
2025-09-06 08:00:00,159,4,400,8,Morning,9
2025-09-06 09:00:00,158,3,200,9,Morning,9
2025-09-06 10:00:00,109,3,200,10,Morning,9
2025-09-06 11:00:00,198,1,500,11,Morning,9
2025-09-06 12:00:00,163,3,400,12,Afternoon,9
2025-09-06 13:00:00,162,4,200,13,Afternoon,9
2025-09-06 14:00:00,148,2,400,14,Afternoon,9
2025-09-06 15:00:00,163,3,400,15,Afternoon,9
2025-09-06 16:00:00,131,4,500,16,Afternoon,9
2025-09-06 17:00:00,106,3,300,17,Afternoon,9
2025-09-06 18:00:00,120,1,500,18,Evening,9
2025-09-06 19:00:00,119,3,200,19,Evening,9
2025-09-06 20:00:00,125,3,500,20,Evening,9
2025-09-07 08:00:00,167,2,500,8,Morning,9
2025-09-07 09:00:00,185,1,400,9,Morning,9
2025-09-07 10:00:00,114,1,500,10,Morning,9
2025-09-07 11:00:00,184,2,200,11,Morning,9
2025-09-07 12:00:00,178,3,300,12,Afternoon,9
2025-09-07 13:00:00,185,4,500,13,Afternoon,9
2025-09-07 14:00:00,191,1,500,14,Afternoon,9
2025-09-07 15:00:00,113,1,300,15,Afternoon,9
2025-09-07 16:00:00,126,3,200,16,Afternoon,9
2025-09-07 17:00:00,139,3,200,17,Afternoon,9
2025-09-07 18:00:00,157,1,500,18,Evening,9
2025-09-07 19:00:00,127,3,400,19,Evening,9
2025-09-07 20:00:00,125,4,500,20,Evening,9
2025-09-08 08:00:00,162,1,300,8,Morning,9
2025-09-08 09:00:00,165,4,300,9,Morning,9
2025-09-08 10:00:00,124,4,300,10,Morning,9
2025-09-08 11:00:00,102,3,500,11,Morning,9
2025-09-08 12:00:00,171,4,500,12,Afternoon,9
2025-09-08 13:00:00,143,3,200,13,Afternoon,9
2025-09-08 14:00:00,196,2,400,14,Afternoon,9
2025-09-08 15:00:00,141,3,500,15,Afternoon,9
2025-09-08 16:00:00,198,4,200,16,Afternoon,9
2025-09-08 17:00:00,105,2,500,17,Afternoon,9
2025-09-08 18:00:00,138,3,200,18,Evening,9
2025-09-08 19:00:00,151,4,200,19,Evening,9
2025-09-08 20:00:00,122,1,400,20,Evening,9
2025-09-09 08:00:00,188,1,500,8,Morning,9
2025-09-09 09:00:00,149,3,200,9,Morning,9
2025-09-09 10:00:00,142,3,300,10,Morning,9
2025-09-09 11:00:00,118,1,300,11,Morning,9
2025-09-09 12:00:00,168,4,300,12,Afternoon,9
2025-09-09 13:00:00,150,4,400,13,Afternoon,9
2025-09-09 14:00:00,110,4,200,14,Afternoon,9
2025-09-09 15:00:00,111,3,400,15,Afternoon,9
2025-09-09 16:00:00,173,2,500,16,Afternoon,9
2025-09-09 17:00:00,107,2,500,17,Afternoon,9
2025-09-09 18:00:00,123,2,200,18,Evening,9
2025-09-09 19:00:00,191,2,300,19,Evening,9
2025-09-09 20:00:00,140,2,200,20,Evening,9
2025-09-10 08:00:00,135,3,200,8,Morning,9
2025-09-10 09:00:00,184,3,200,9,Morning,9
2025-09-10 10:00:00,171,2,400,10,Morning,9
2025-09-10 11:00:00,154,3,500,11,Morning,9
2025-09-10 12:00:00,108,3,200,12,Afternoon,9
2025-09-10 13:00:00,146,2,200,13,Afternoon,9
2025-09-10 14:00:00,114,4,200,14,Afternoon,9
2025-09-10 15:00:00,147,3,400,15,Afternoon,9
2025-09-10 16:00:00,181,4,400,16,Afternoon,9
2025-09-10 17:00:00,141,3,400,17,Afternoon,9
2025-09-10 18:00:00,159,3,200,18,Evening,9
2025-09-10 19:00:00,183,2,300,19,Evening,9
2025-09-10 20:00:00,169,3,300,20,Evening,9
2025-09-11 08:00:00,111,1,300,8,Morning,9
2025-09-11 09:00:00,101,1,500,9,Morning,9
2025-09-11 10:00:00,106,2,200,10,Morning,9
2025-09-11 11:00:00,179,4,300,11,Morning,9
2025-09-11 12:00:00,102,4,300,12,Afternoon,9
2025-09-11 13:00:00,102,4,300,13,Afternoon,9
2025-09-11 14:00:00,126,1,200,14,Afternoon,9
2025-09-11 15:00:00,139,4,300,15,Afternoon,9
2025-09-11 16:00:00,132,4,300,16,Afternoon,9
2025-09-11 17:00:00,191,2,200,17,Afternoon,9
2025-09-11 18:00:00,100,4,500,18,Evening,9
2025-09-11 19:00:00,107,1,400,19,Evening,9
2025-09-11 20:00:00,131,1,300,20,Evening,9
2025-09-12 08:00:00,147,1,400,8,Morning,9
2025-09-12 09:00:00,103,2,500,9,Morning,9
2025-09-12 10:00:00,193,2,500,10,Morning,9
2025-09-12 11:00:00,169,3,300,11,Morning,9
2025-09-12 12:00:00,118,4,200,12,Afternoon,9
2025-09-12 13:00:00,131,2,500,13,Afternoon,9
2025-09-12 14:00:00,108,1,400,14,Afternoon,9
2025-09-12 15:00:00,111,1,400,15,Afternoon,9
2025-09-12 16:00:00,110,2,400,16,Afternoon,9
2025-09-12 17:00:00,145,2,400,17,Afternoon,9
2025-09-12 18:00:00,115,2,500,18,Evening,9
2025-09-12 19:00:00,100,3,300,19,Evening,9
2025-09-12 20:00:00,162,1,300,20,Evening,9
2025-09-13 08:00:00,120,3,400,8,Morning,9
2025-09-13 09:00:00,129,3,300,9,Morning,9
2025-09-13 10:00:00,112,4,400,10,Morning,9
2025-09-13 11:00:00,133,1,400,11,Morning,9
2025-09-13 12:00:00,103,1,200,12,Afternoon,9
2025-09-13 13:00:00,127,2,500,13,Afternoon,9
2025-09-13 14:00:00,194,2,500,14,Afternoon,9
2025-09-13 15:00:00,158,4,400,15,Afternoon,9
2025-09-13 16:00:00,126,3,500,16,Afternoon,9
2025-09-13 17:00:00,168,2,300,17,Afternoon,9
2025-09-13 18:00:00,124,2,400,18,Evening,9
2025-09-13 19:00:00,102,1,200,19,Evening,9
2025-09-13 20:00:00,196,1,300,20,Evening,9
2025-09-14 08:00:00,167,2,200,8,Morning,9
2025-09-14 09:00:00,124,1,200,9,Morning,9
2025-09-14 10:00:00,119,4,500,10,Morning,9
2025-09-14 11:00:00,133,2,500,11,Morning,9
2025-09-14 12:00:00,125,1,400,12,Afternoon,9
2025-09-14 13:00:00,104,4,500,13,Afternoon,9
2025-09-14 14:00:00,198,1,200,14,Afternoon,9
2025-09-14 15:00:00,160,1,200,15,Afternoon,9
2025-09-14 16:00:00,191,1,300,16,Afternoon,9
2025-09-14 17:00:00,192,2,200,17,Afternoon,9
2025-09-14 18:00:00,108,3,400,18,Evening,9
2025-09-14 19:00:00,149,1,400,19,Evening,9
2025-09-14 20:00:00,105,4,500,20,Evening,9
2025-09-15 08:00:00,182,2,500,8,Morning,9
2025-09-15 09:00:00,159,2,500,9,Morning,9
2025-09-15 10:00:00,143,4,400,10,Morning,9
2025-09-15 11:00:00,110,1,200,11,Morning,9
2025-09-15 12:00:00,165,3,500,12,Afternoon,9
2025-09-15 13:00:00,146,1,300,13,Afternoon,9
2025-09-15 14:00:00,172,4,500,14,Afternoon,9
2025-09-15 15:00:00,184,2,400,15,Afternoon,9
2025-09-15 16:00:00,187,3,500,16,Afternoon,9
2025-09-15 17:00:00,197,2,200,17,Afternoon,9
2025-09-15 18:00:00,185,4,500,18,Evening,9
2025-09-15 19:00:00,102,1,400,19,Evening,9
2025-09-15 20:00:00,175,3,400,20,Evening,9
2025-09-16 08:00:00,191,2,300,8,Morning,9
2025-09-16 09:00:00,129,2,400,9,Morning,9
2025-09-16 10:00:00,189,2,300,10,Morning,9
2025-09-16 11:00:00,120,1,200,11,Morning,9
2025-09-16 12:00:00,127,3,400,12,Afternoon,9
2025-09-16 13:00:00,189,1,500,13,Afternoon,9
2025-09-16 14:00:00,161,1,200,14,Afternoon,9
2025-09-16 15:00:00,132,1,500,15,Afternoon,9
2025-09-16 16:00:00,184,4,500,16,Afternoon,9
2025-09-16 17:00:00,134,4,500,17,Afternoon,9
2025-09-16 18:00:00,151,4,200,18,Evening,9
2025-09-16 19:00:00,133,3,200,19,Evening,9
2025-09-16 20:00:00,140,1,400,20,Evening,9
2025-09-17 08:00:00,150,1,500,8,Morning,9
2025-09-17 09:00:00,146,4,300,9,Morning,9
2025-09-17 10:00:00,181,1,400,10,Morning,9
2025-09-17 11:00:00,157,1,200,11,Morning,9
2025-09-17 12:00:00,174,2,300,12,Afternoon,9
2025-09-17 13:00:00,156,1,200,13,Afternoon,9
2025-09-17 14:00:00,122,2,300,14,Afternoon,9
2025-09-17 15:00:00,147,1,400,15,Afternoon,9
2025-09-17 16:00:00,121,3,300,16,Afternoon,9
2025-09-17 17:00:00,116,4,400,17,Afternoon,9
2025-09-17 18:00:00,168,2,200,18,Evening,9
2025-09-17 19:00:00,110,4,300,19,Evening,9
2025-09-17 20:00:00,193,2,500,20,Evening,9
2025-09-18 08:00:00,114,2,500,8,Morning,9
2025-09-18 09:00:00,190,2,200,9,Morning,9
2025-09-18 10:00:00,134,3,300,10,Morning,9
2025-09-18 11:00:00,132,1,500,11,Morning,9
2025-09-18 12:00:00,183,2,400,12,Afternoon,9
2025-09-18 13:00:00,115,3,300,13,Afternoon,9
2025-09-18 14:00:00,133,2,300,14,Afternoon,9
2025-09-18 15:00:00,165,1,500,15,Afternoon,9
2025-09-18 16:00:00,198,2,400,16,Afternoon,9
2025-09-18 17:00:00,139,3,400,17,Afternoon,9
2025-09-18 18:00:00,127,1,400,18,Evening,9
2025-09-18 19:00:00,146,3,300,19,Evening,9
2025-09-18 20:00:00,138,1,200,20,Evening,9
2025-09-19 08:00:00,169,1,300,8,Morning,9
2025-09-19 09:00:00,172,4,300,9,Morning,9
2025-09-19 10:00:00,119,4,500,10,Morning,9
2025-09-19 11:00:00,100,4,200,11,Morning,9
2025-09-19 12:00:00,171,1,400,12,Afternoon,9
2025-09-19 13:00:00,186,2,500,13,Afternoon,9
2025-09-19 14:00:00,162,3,300,14,Afternoon,9
2025-09-19 15:00:00,166,3,200,15,Afternoon,9
2025-09-19 16:00:00,103,3,400,16,Afternoon,9
2025-09-19 17:00:00,157,4,400,17,Afternoon,9
2025-09-19 18:00:00,124,1,300,18,Evening,9
2025-09-19 19:00:00,146,4,400,19,Evening,9
2025-09-19 20:00:00,137,2,400,20,Evening,9
2025-09-20 08:00:00,114,1,200,8,Morning,9
2025-09-20 09:00:00,162,3,500,9,Morning,9
2025-09-20 10:00:00,120,4,200,10,Morning,9
2025-09-20 11:00:00,198,4,500,11,Morning,9
2025-09-20 12:00:00,156,2,500,12,Afternoon,9
2025-09-20 13:00:00,152,2,500,13,Afternoon,9
2025-09-20 14:00:00,145,4,400,14,Afternoon,9
2025-09-20 15:00:00,113,2,200,15,Afternoon,9
2025-09-20 16:00:00,199,3,400,16,Afternoon,9
2025-09-20 17:00:00,175,2,300,17,Afternoon,9
2025-09-20 18:00:00,116,2,200,18,Evening,9
2025-09-20 19:00:00,138,4,500,19,Evening,9
2025-09-20 20:00:00,108,4,400,20,Evening,9
2025-09-21 08:00:00,198,1,400,8,Morning,9
2025-09-21 09:00:00,176,1,200,9,Morning,9
2025-09-21 10:00:00,178,4,200,10,Morning,9
2025-09-21 11:00:00,181,2,500,11,Morning,9
2025-09-21 12:00:00,196,2,500,12,Afternoon,9
2025-09-21 13:00:00,105,1,300,13,Afternoon,9
2025-09-21 14:00:00,190,1,500,14,Afternoon,9
2025-09-21 15:00:00,122,1,400,15,Afternoon,9
2025-09-21 16:00:00,158,3,300,16,Afternoon,9
2025-09-21 17:00:00,190,3,300,17,Afternoon,9
2025-09-21 18:00:00,197,1,300,18,Evening,9
2025-09-21 19:00:00,145,2,200,19,Evening,9
2025-09-21 20:00:00,137,1,500,20,Evening,9
2025-09-22 08:00:00,113,3,300,8,Morning,9
2025-09-22 09:00:00,199,2,200,9,Morning,9
2025-09-22 10:00:00,171,3,200,10,Morning,9
2025-09-22 11:00:00,161,2,300,11,Morning,9
2025-09-22 12:00:00,134,3,300,12,Afternoon,9
2025-09-22 13:00:00,118,2,400,13,Afternoon,9
2025-09-22 14:00:00,129,2,300,14,Afternoon,9
2025-09-22 15:00:00,177,2,400,15,Afternoon,9
2025-09-22 16:00:00,183,2,300,16,Afternoon,9
2025-09-22 17:00:00,124,4,300,17,Afternoon,9
2025-09-22 18:00:00,139,3,500,18,Evening,9
2025-09-22 19:00:00,187,3,300,19,Evening,9
2025-09-22 20:00:00,113,4,300,20,Evening,9
2025-09-23 08:00:00,125,2,400,8,Morning,9
2025-09-23 09:00:00,186,2,400,9,Morning,9
2025-09-23 10:00:00,121,3,500,10,Morning,9
2025-09-23 11:00:00,147,4,300,11,Morning,9
2025-09-23 12:00:00,182,2,300,12,Afternoon,9
2025-09-23 13:00:00,150,2,400,13,Afternoon,9
2025-09-23 14:00:00,102,2,200,14,Afternoon,9
2025-09-23 15:00:00,141,1,200,15,Afternoon,9
2025-09-23 16:00:00,118,4,200,16,Afternoon,9
2025-09-23 17:00:00,172,2,400,17,Afternoon,9
2025-09-23 18:00:00,127,1,400,18,Evening,9
2025-09-23 19:00:00,183,4,200,19,Evening,9
2025-09-23 20:00:00,144,2,200,20,Evening,9
2025-09-24 08:00:00,170,3,300,8,Morning,9
2025-09-24 09:00:00,177,1,400,9,Morning,9
2025-09-24 10:00:00,162,1,400,10,Morning,9
2025-09-24 11:00:00,172,2,200,11,Morning,9
2025-09-24 12:00:00,118,2,200,12,Afternoon,9
2025-09-24 13:00:00,146,1,500,13,Afternoon,9
2025-09-24 14:00:00,113,3,400,14,Afternoon,9
2025-09-24 15:00:00,137,3,500,15,Afternoon,9
2025-09-24 16:00:00,152,4,300,16,Afternoon,9
2025-09-24 17:00:00,160,2,500,17,Afternoon,9
2025-09-24 18:00:00,135,3,200,18,Evening,9
2025-09-24 19:00:00,139,4,400,19,Evening,9
2025-09-24 20:00:00,180,3,400,20,Evening,9
2025-09-25 08:00:00,129,2,500,8,Morning,9
2025-09-25 09:00:00,108,4,500,9,Morning,9
2025-09-25 10:00:00,163,4,300,10,Morning,9
2025-09-25 11:00:00,132,4,300,11,Morning,9
2025-09-25 12:00:00,151,3,200,12,Afternoon,9
2025-09-25 13:00:00,188,2,200,13,Afternoon,9
2025-09-25 14:00:00,113,4,200,14,Afternoon,9
2025-09-25 15:00:00,174,1,500,15,Afternoon,9
2025-09-25 16:00:00,152,2,500,16,Afternoon,9
2025-09-25 17:00:00,198,1,400,17,Afternoon,9
2025-09-25 18:00:00,158,1,200,18,Evening,9
2025-09-25 19:00:00,177,4,500,19,Evening,9
2025-09-25 20:00:00,193,4,400,20,Evening,9
2025-09-26 08:00:00,140,3,200,8,Morning,9
2025-09-26 09:00:00,167,3,300,9,Morning,9
2025-09-26 10:00:00,167,3,300,10,Morning,9
2025-09-26 11:00:00,191,2,500,11,Morning,9
2025-09-26 12:00:00,107,3,400,12,Afternoon,9
2025-09-26 13:00:00,101,1,300,13,Afternoon,9
2025-09-26 14:00:00,185,3,400,14,Afternoon,9
2025-09-26 15:00:00,140,4,400,15,Afternoon,9
2025-09-26 16:00:00,154,3,300,16,Afternoon,9
2025-09-26 17:00:00,115,2,400,17,Afternoon,9
2025-09-26 18:00:00,192,2,300,18,Evening,9
2025-09-26 19:00:00,161,1,500,19,Evening,9
2025-09-26 20:00:00,147,2,200,20,Evening,9
2025-09-27 08:00:00,129,3,200,8,Morning,9
2025-09-27 09:00:00,111,4,500,9,Morning,9
2025-09-27 10:00:00,134,2,300,10,Morning,9
2025-09-27 11:00:00,110,1,300,11,Morning,9
2025-09-27 12:00:00,163,3,300,12,Afternoon,9
2025-09-27 13:00:00,149,1,300,13,Afternoon,9
2025-09-27 14:00:00,184,2,500,14,Afternoon,9
2025-09-27 15:00:00,120,2,200,15,Afternoon,9
2025-09-27 16:00:00,168,1,400,16,Afternoon,9
2025-09-27 17:00:00,147,3,400,17,Afternoon,9
2025-09-27 18:00:00,119,2,200,18,Evening,9
2025-09-27 19:00:00,166,4,500,19,Evening,9
2025-09-27 20:00:00,143,2,400,20,Evening,9
2025-09-28 08:00:00,132,3,200,8,Morning,9
2025-09-28 09:00:00,172,2,500,9,Morning,9
2025-09-28 10:00:00,160,1,400,10,Morning,9
2025-09-28 11:00:00,108,2,300,11,Morning,9
2025-09-28 12:00:00,167,2,300,12,Afternoon,9
2025-09-28 13:00:00,134,3,500,13,Afternoon,9
2025-09-28 14:00:00,180,1,300,14,Afternoon,9
2025-09-28 15:00:00,197,3,500,15,Afternoon,9
2025-09-28 16:00:00,187,2,200,16,Afternoon,9
2025-09-28 17:00:00,195,4,200,17,Afternoon,9
2025-09-28 18:00:00,164,2,400,18,Evening,9
2025-09-28 19:00:00,107,3,500,19,Evening,9
2025-09-28 20:00:00,144,4,400,20,Evening,9
2025-09-29 08:00:00,186,3,400,8,Morning,9
2025-09-29 09:00:00,146,3,200,9,Morning,9
2025-09-29 10:00:00,139,1,400,10,Morning,9
2025-09-29 11:00:00,175,4,300,11,Morning,9
2025-09-29 12:00:00,153,2,400,12,Afternoon,9
2025-09-29 13:00:00,175,3,500,13,Afternoon,9
2025-09-29 14:00:00,145,2,300,14,Afternoon,9
2025-09-29 15:00:00,146,1,200,15,Afternoon,9
2025-09-29 16:00:00,114,1,500,16,Afternoon,9
2025-09-29 17:00:00,118,4,300,17,Afternoon,9
2025-09-29 18:00:00,125,1,500,18,Evening,9
2025-09-29 19:00:00,151,1,300,19,Evening,9
2025-09-29 20:00:00,192,2,500,20,Evening,9
2025-09-30 08:00:00,121,1,500,8,Morning,9
2025-09-30 09:00:00,120,1,300,9,Morning,9
2025-09-30 10:00:00,150,3,200,10,Morning,9
2025-09-30 11:00:00,137,1,200,11,Morning,9
2025-09-30 12:00:00,119,3,500,12,Afternoon,9
2025-09-30 13:00:00,128,1,500,13,Afternoon,9
2025-09-30 14:00:00,150,1,200,14,Afternoon,9
2025-09-30 15:00:00,103,4,200,15,Afternoon,9
2025-09-30 16:00:00,154,4,400,16,Afternoon,9
2025-09-30 17:00:00,170,3,200,17,Afternoon,9
2025-09-30 18:00:00,191,1,500,18,Evening,9
2025-09-30 19:00:00,127,2,300,19,Evening,9
2025-09-30 20:00:00,103,4,200,20,Evening,9
2025-10-01 08:00:00,121,2,400,8,Morning,10
2025-10-01 09:00:00,175,4,400,9,Morning,10
2025-10-01 10:00:00,144,4,400,10,Morning,10
2025-10-01 11:00:00,166,1,300,11,Morning,10
2025-10-01 12:00:00,185,4,200,12,Afternoon,10
2025-10-01 13:00:00,165,2,200,13,Afternoon,10
2025-10-01 14:00:00,187,4,200,14,Afternoon,10
2025-10-01 15:00:00,133,3,300,15,Afternoon,10
2025-10-01 16:00:00,190,1,300,16,Afternoon,10
2025-10-01 17:00:00,154,1,500,17,Afternoon,10
2025-10-01 18:00:00,100,3,400,18,Evening,10
2025-10-01 19:00:00,171,3,400,19,Evening,10
2025-10-01 20:00:00,186,3,200,20,Evening,10
2025-10-02 08:00:00,137,4,300,8,Morning,10
2025-10-02 09:00:00,105,1,300,9,Morning,10
2025-10-02 10:00:00,185,3,200,10,Morning,10
2025-10-02 11:00:00,124,4,200,11,Morning,10
2025-10-02 12:00:00,181,3,500,12,Afternoon,10
2025-10-02 13:00:00,116,2,400,13,Afternoon,10
2025-10-02 14:00:00,160,2,400,14,Afternoon,10
2025-10-02 15:00:00,111,1,400,15,Afternoon,10
2025-10-02 16:00:00,105,4,500,16,Afternoon,10
2025-10-02 17:00:00,189,2,200,17,Afternoon,10
2025-10-02 18:00:00,126,2,200,18,Evening,10
2025-10-02 19:00:00,107,4,400,19,Evening,10
2025-10-02 20:00:00,182,3,400,20,Evening,10
2025-10-03 08:00:00,164,4,500,8,Morning,10
2025-10-03 09:00:00,156,3,300,9,Morning,10
2025-10-03 10:00:00,192,2,300,10,Morning,10
2025-10-03 11:00:00,198,2,400,11,Morning,10
2025-10-03 12:00:00,139,2,500,12,Afternoon,10
2025-10-03 13:00:00,113,1,400,13,Afternoon,10
2025-10-03 14:00:00,134,1,300,14,Afternoon,10
2025-10-03 15:00:00,147,1,400,15,Afternoon,10
2025-10-03 16:00:00,183,4,300,16,Afternoon,10
2025-10-03 17:00:00,155,2,300,17,Afternoon,10
2025-10-03 18:00:00,148,2,300,18,Evening,10
2025-10-03 19:00:00,112,4,200,19,Evening,10
2025-10-03 20:00:00,160,1,200,20,Evening,10
2025-10-04 08:00:00,148,4,400,8,Morning,10
2025-10-04 09:00:00,145,1,300,9,Morning,10
2025-10-04 10:00:00,161,2,200,10,Morning,10
2025-10-04 11:00:00,107,3,400,11,Morning,10
2025-10-04 12:00:00,142,1,400,12,Afternoon,10
2025-10-04 13:00:00,119,2,400,13,Afternoon,10
2025-10-04 14:00:00,196,2,400,14,Afternoon,10
2025-10-04 15:00:00,189,3,400,15,Afternoon,10
2025-10-04 16:00:00,138,2,500,16,Afternoon,10
2025-10-04 17:00:00,184,2,300,17,Afternoon,10
2025-10-04 18:00:00,148,1,400,18,Evening,10
2025-10-04 19:00:00,163,1,500,19,Evening,10
2025-10-04 20:00:00,161,3,300,20,Evening,10
2025-10-05 08:00:00,153,3,200,8,Morning,10
2025-10-05 09:00:00,108,2,400,9,Morning,10
2025-10-05 10:00:00,187,1,500,10,Morning,10
2025-10-05 11:00:00,136,3,200,11,Morning,10
2025-10-05 12:00:00,148,3,500,12,Afternoon,10
2025-10-05 13:00:00,140,4,300,13,Afternoon,10
2025-10-05 14:00:00,116,3,300,14,Afternoon,10
2025-10-05 15:00:00,187,2,200,15,Afternoon,10
2025-10-05 16:00:00,120,1,500,16,Afternoon,10
2025-10-05 17:00:00,150,3,400,17,Afternoon,10
2025-10-05 18:00:00,158,4,400,18,Evening,10
2025-10-05 19:00:00,138,1,200,19,Evening,10
2025-10-05 20:00:00,154,3,200,20,Evening,10
2025-10-06 08:00:00,140,4,200,8,Morning,10
2025-10-06 09:00:00,138,3,500,9,Morning,10
2025-10-06 10:00:00,112,1,400,10,Morning,10
2025-10-06 11:00:00,163,1,400,11,Morning,10
2025-10-06 12:00:00,110,1,400,12,Afternoon,10
2025-10-06 13:00:00,118,2,200,13,Afternoon,10
2025-10-06 14:00:00,110,3,400,14,Afternoon,10
2025-10-06 15:00:00,176,2,300,15,Afternoon,10
2025-10-06 16:00:00,145,1,200,16,Afternoon,10
2025-10-06 17:00:00,144,4,400,17,Afternoon,10
2025-10-06 18:00:00,100,3,500,18,Evening,10
2025-10-06 19:00:00,139,2,200,19,Evening,10
2025-10-06 20:00:00,118,3,300,20,Evening,10
2025-10-07 08:00:00,175,4,300,8,Morning,10
2025-10-07 09:00:00,171,2,500,9,Morning,10
2025-10-07 10:00:00,171,1,500,10,Morning,10
2025-10-07 11:00:00,160,2,200,11,Morning,10
2025-10-07 12:00:00,111,3,200,12,Afternoon,10
2025-10-07 13:00:00,160,3,300,13,Afternoon,10
2025-10-07 14:00:00,132,3,500,14,Afternoon,10
2025-10-07 15:00:00,144,3,200,15,Afternoon,10
2025-10-07 16:00:00,189,1,300,16,Afternoon,10
2025-10-07 17:00:00,191,2,500,17,Afternoon,10
2025-10-07 18:00:00,168,1,300,18,Evening,10
2025-10-07 19:00:00,107,1,400,19,Evening,10
2025-10-07 20:00:00,124,1,500,20,Evening,10
2025-10-08 08:00:00,190,3,200,8,Morning,10
2025-10-08 09:00:00,145,3,200,9,Morning,10
2025-10-08 10:00:00,186,3,400,10,Morning,10
2025-10-08 11:00:00,129,2,500,11,Morning,10
2025-10-08 12:00:00,146,4,300,12,Afternoon,10
2025-10-08 13:00:00,186,3,200,13,Afternoon,10
2025-10-08 14:00:00,148,2,400,14,Afternoon,10
2025-10-08 15:00:00,146,3,400,15,Afternoon,10
2025-10-08 16:00:00,183,3,500,16,Afternoon,10
2025-10-08 17:00:00,181,1,500,17,Afternoon,10
2025-10-08 18:00:00,117,1,200,18,Evening,10
2025-10-08 19:00:00,165,1,400,19,Evening,10
2025-10-08 20:00:00,167,2,300,20,Evening,10
2025-10-09 08:00:00,193,4,400,8,Morning,10
2025-10-09 09:00:00,132,4,300,9,Morning,10
2025-10-09 10:00:00,135,2,300,10,Morning,10
2025-10-09 11:00:00,181,3,200,11,Morning,10
2025-10-09 12:00:00,118,2,400,12,Afternoon,10
2025-10-09 13:00:00,127,3,300,13,Afternoon,10
2025-10-09 14:00:00,139,2,500,14,Afternoon,10
2025-10-09 15:00:00,183,2,300,15,Afternoon,10
2025-10-09 16:00:00,196,2,500,16,Afternoon,10
2025-10-09 17:00:00,175,4,500,17,Afternoon,10
2025-10-09 18:00:00,114,1,400,18,Evening,10
2025-10-09 19:00:00,140,2,500,19,Evening,10
2025-10-09 20:00:00,138,4,300,20,Evening,10
2025-10-10 08:00:00,101,1,500,8,Morning,10
2025-10-10 09:00:00,162,1,400,9,Morning,10
2025-10-10 10:00:00,128,2,200,10,Morning,10
2025-10-10 11:00:00,173,3,300,11,Morning,10
2025-10-10 12:00:00,165,3,300,12,Afternoon,10
2025-10-10 13:00:00,150,3,400,13,Afternoon,10
2025-10-10 14:00:00,174,2,400,14,Afternoon,10
2025-10-10 15:00:00,176,3,400,15,Afternoon,10
2025-10-10 16:00:00,109,4,400,16,Afternoon,10
2025-10-10 17:00:00,113,4,300,17,Afternoon,10
2025-10-10 18:00:00,181,4,200,18,Evening,10
2025-10-10 19:00:00,150,4,500,19,Evening,10
2025-10-10 20:00:00,172,1,500,20,Evening,10
2025-10-11 08:00:00,138,4,200,8,Morning,10
2025-10-11 09:00:00,127,3,200,9,Morning,10
2025-10-11 10:00:00,102,2,200,10,Morning,10
2025-10-11 11:00:00,183,3,400,11,Morning,10
2025-10-11 12:00:00,169,4,300,12,Afternoon,10
2025-10-11 13:00:00,126,1,300,13,Afternoon,10
2025-10-11 14:00:00,101,4,300,14,Afternoon,10
2025-10-11 15:00:00,192,2,400,15,Afternoon,10
2025-10-11 16:00:00,137,3,300,16,Afternoon,10
2025-10-11 17:00:00,102,2,400,17,Afternoon,10
2025-10-11 18:00:00,115,2,300,18,Evening,10
2025-10-11 19:00:00,193,2,200,19,Evening,10
2025-10-11 20:00:00,139,3,500,20,Evening,10
2025-10-12 08:00:00,101,4,500,8,Morning,10
2025-10-12 09:00:00,180,2,400,9,Morning,10
2025-10-12 10:00:00,140,3,300,10,Morning,10
2025-10-12 11:00:00,111,1,500,11,Morning,10
2025-10-12 12:00:00,134,3,200,12,Afternoon,10
2025-10-12 13:00:00,164,1,200,13,Afternoon,10
2025-10-12 14:00:00,154,3,200,14,Afternoon,10
2025-10-12 15:00:00,144,4,400,15,Afternoon,10
2025-10-12 16:00:00,178,2,400,16,Afternoon,10
2025-10-12 17:00:00,189,4,300,17,Afternoon,10
2025-10-12 18:00:00,184,3,200,18,Evening,10
2025-10-12 19:00:00,161,2,300,19,Evening,10
2025-10-12 20:00:00,148,1,300,20,Evening,10
2025-10-13 08:00:00,194,3,200,8,Morning,10
2025-10-13 09:00:00,124,2,300,9,Morning,10
2025-10-13 10:00:00,122,1,500,10,Morning,10
2025-10-13 11:00:00,123,1,400,11,Morning,10
2025-10-13 12:00:00,137,4,300,12,Afternoon,10
2025-10-13 13:00:00,127,3,200,13,Afternoon,10
2025-10-13 14:00:00,120,1,400,14,Afternoon,10
2025-10-13 15:00:00,153,2,400,15,Afternoon,10
2025-10-13 16:00:00,117,1,300,16,Afternoon,10
2025-10-13 17:00:00,135,1,500,17,Afternoon,10
2025-10-13 18:00:00,198,4,300,18,Evening,10
2025-10-13 19:00:00,144,4,500,19,Evening,10
2025-10-13 20:00:00,172,2,400,20,Evening,10
2025-10-14 08:00:00,152,4,300,8,Morning,10
2025-10-14 09:00:00,129,1,200,9,Morning,10
2025-10-14 10:00:00,159,1,300,10,Morning,10
2025-10-14 11:00:00,197,4,500,11,Morning,10
2025-10-14 12:00:00,131,1,500,12,Afternoon,10
2025-10-14 13:00:00,166,1,300,13,Afternoon,10
2025-10-14 14:00:00,166,2,500,14,Afternoon,10
2025-10-14 15:00:00,127,4,400,15,Afternoon,10
2025-10-14 16:00:00,143,1,300,16,Afternoon,10
2025-10-14 17:00:00,178,4,500,17,Afternoon,10
2025-10-14 18:00:00,140,2,300,18,Evening,10
2025-10-14 19:00:00,162,4,300,19,Evening,10
2025-10-14 20:00:00,122,1,200,20,Evening,10
2025-10-15 08:00:00,174,4,300,8,Morning,10
2025-10-15 09:00:00,147,1,200,9,Morning,10
2025-10-15 10:00:00,131,1,500,10,Morning,10
2025-10-15 11:00:00,156,1,200,11,Morning,10
2025-10-15 12:00:00,199,2,200,12,Afternoon,10
2025-10-15 13:00:00,132,4,200,13,Afternoon,10
2025-10-15 14:00:00,123,2,400,14,Afternoon,10
2025-10-15 15:00:00,138,4,200,15,Afternoon,10
2025-10-15 16:00:00,133,2,300,16,Afternoon,10
2025-10-15 17:00:00,155,3,200,17,Afternoon,10
2025-10-15 18:00:00,127,1,300,18,Evening,10
2025-10-15 19:00:00,136,1,200,19,Evening,10
2025-10-15 20:00:00,106,2,400,20,Evening,10
2025-10-16 08:00:00,167,3,500,8,Morning,10
2025-10-16 09:00:00,136,1,200,9,Morning,10
2025-10-16 10:00:00,155,4,200,10,Morning,10
2025-10-16 11:00:00,164,2,400,11,Morning,10
2025-10-16 12:00:00,164,1,200,12,Afternoon,10
2025-10-16 13:00:00,146,1,300,13,Afternoon,10
2025-10-16 14:00:00,119,2,200,14,Afternoon,10
2025-10-16 15:00:00,118,2,200,15,Afternoon,10
2025-10-16 16:00:00,128,4,500,16,Afternoon,10
2025-10-16 17:00:00,173,4,500,17,Afternoon,10
2025-10-16 18:00:00,159,1,200,18,Evening,10
2025-10-16 19:00:00,117,1,400,19,Evening,10
2025-10-16 20:00:00,191,2,500,20,Evening,10
2025-10-17 08:00:00,134,1,200,8,Morning,10
2025-10-17 09:00:00,142,1,500,9,Morning,10
2025-10-17 10:00:00,194,2,200,10,Morning,10
2025-10-17 11:00:00,190,1,500,11,Morning,10
2025-10-17 12:00:00,110,1,500,12,Afternoon,10
2025-10-17 13:00:00,148,3,300,13,Afternoon,10
2025-10-17 14:00:00,137,4,200,14,Afternoon,10
2025-10-17 15:00:00,163,2,200,15,Afternoon,10
2025-10-17 16:00:00,168,3,200,16,Afternoon,10
2025-10-17 17:00:00,107,4,200,17,Afternoon,10
2025-10-17 18:00:00,133,4,500,18,Evening,10
2025-10-17 19:00:00,147,4,300,19,Evening,10
2025-10-17 20:00:00,155,3,300,20,Evening,10
2025-10-18 08:00:00,175,3,400,8,Morning,10
2025-10-18 09:00:00,164,4,200,9,Morning,10
2025-10-18 10:00:00,130,1,400,10,Morning,10
2025-10-18 11:00:00,103,1,500,11,Morning,10
2025-10-18 12:00:00,149,3,400,12,Afternoon,10
2025-10-18 13:00:00,168,3,200,13,Afternoon,10
2025-10-18 14:00:00,129,3,300,14,Afternoon,10
2025-10-18 15:00:00,187,4,300,15,Afternoon,10
2025-10-18 16:00:00,158,1,200,16,Afternoon,10
2025-10-18 17:00:00,166,3,500,17,Afternoon,10
2025-10-18 18:00:00,174,3,200,18,Evening,10
2025-10-18 19:00:00,144,2,500,19,Evening,10
2025-10-18 20:00:00,103,4,300,20,Evening,10
2025-10-19 08:00:00,125,2,500,8,Morning,10
2025-10-19 09:00:00,126,1,200,9,Morning,10
2025-10-19 10:00:00,145,2,200,10,Morning,10
2025-10-19 11:00:00,163,2,200,11,Morning,10
2025-10-19 12:00:00,190,2,500,12,Afternoon,10
2025-10-19 13:00:00,150,4,500,13,Afternoon,10
2025-10-19 14:00:00,149,1,500,14,Afternoon,10
2025-10-19 15:00:00,105,2,300,15,Afternoon,10
2025-10-19 16:00:00,158,4,400,16,Afternoon,10
2025-10-19 17:00:00,114,1,400,17,Afternoon,10
2025-10-19 18:00:00,129,3,200,18,Evening,10
2025-10-19 19:00:00,141,2,300,19,Evening,10
2025-10-19 20:00:00,136,1,500,20,Evening,10
2025-10-20 08:00:00,141,2,200,8,Morning,10
2025-10-20 09:00:00,134,3,300,9,Morning,10
2025-10-20 10:00:00,186,1,200,10,Morning,10
2025-10-20 11:00:00,105,4,300,11,Morning,10
2025-10-20 12:00:00,167,1,300,12,Afternoon,10
2025-10-20 13:00:00,117,4,400,13,Afternoon,10
2025-10-20 14:00:00,172,1,200,14,Afternoon,10
2025-10-20 15:00:00,128,4,500,15,Afternoon,10
2025-10-20 16:00:00,176,3,400,16,Afternoon,10
2025-10-20 17:00:00,158,3,400,17,Afternoon,10
2025-10-20 18:00:00,146,3,500,18,Evening,10
2025-10-20 19:00:00,116,1,300,19,Evening,10
2025-10-20 20:00:00,195,3,500,20,Evening,10
2025-10-21 08:00:00,121,2,200,8,Morning,10
2025-10-21 09:00:00,167,3,500,9,Morning,10
2025-10-21 10:00:00,168,4,300,10,Morning,10
2025-10-21 11:00:00,136,4,500,11,Morning,10
2025-10-21 12:00:00,148,4,300,12,Afternoon,10
2025-10-21 13:00:00,112,1,300,13,Afternoon,10
2025-10-21 14:00:00,133,2,200,14,Afternoon,10
2025-10-21 15:00:00,185,3,500,15,Afternoon,10
2025-10-21 16:00:00,152,2,500,16,Afternoon,10
2025-10-21 17:00:00,186,2,200,17,Afternoon,10
2025-10-21 18:00:00,150,4,300,18,Evening,10
2025-10-21 19:00:00,102,4,500,19,Evening,10
2025-10-21 20:00:00,141,4,200,20,Evening,10
2025-10-22 08:00:00,197,1,300,8,Morning,10
2025-10-22 09:00:00,131,2,200,9,Morning,10
2025-10-22 10:00:00,150,2,500,10,Morning,10
2025-10-22 11:00:00,184,1,200,11,Morning,10
2025-10-22 12:00:00,145,1,400,12,Afternoon,10
2025-10-22 13:00:00,120,1,300,13,Afternoon,10
2025-10-22 14:00:00,143,2,400,14,Afternoon,10
2025-10-22 15:00:00,110,2,400,15,Afternoon,10
2025-10-22 16:00:00,167,4,300,16,Afternoon,10
2025-10-22 17:00:00,100,4,300,17,Afternoon,10
2025-10-22 18:00:00,191,2,200,18,Evening,10
2025-10-22 19:00:00,162,4,300,19,Evening,10
2025-10-22 20:00:00,123,1,400,20,Evening,10
2025-10-23 08:00:00,198,3,400,8,Morning,10
2025-10-23 09:00:00,112,4,500,9,Morning,10
2025-10-23 10:00:00,197,2,300,10,Morning,10
2025-10-23 11:00:00,110,4,400,11,Morning,10
2025-10-23 12:00:00,199,4,500,12,Afternoon,10
2025-10-23 13:00:00,150,4,500,13,Afternoon,10
2025-10-23 14:00:00,116,3,200,14,Afternoon,10
2025-10-23 15:00:00,198,1,400,15,Afternoon,10
2025-10-23 16:00:00,181,2,200,16,Afternoon,10
2025-10-23 17:00:00,185,3,400,17,Afternoon,10
2025-10-23 18:00:00,123,2,200,18,Evening,10
2025-10-23 19:00:00,118,2,200,19,Evening,10
2025-10-23 20:00:00,136,2,300,20,Evening,10
2025-10-24 08:00:00,184,3,200,8,Morning,10
2025-10-24 09:00:00,107,1,300,9,Morning,10
2025-10-24 10:00:00,127,2,500,10,Morning,10
2025-10-24 11:00:00,104,1,400,11,Morning,10
2025-10-24 12:00:00,116,1,500,12,Afternoon,10
2025-10-24 13:00:00,135,4,400,13,Afternoon,10
2025-10-24 14:00:00,118,3,500,14,Afternoon,10
2025-10-24 15:00:00,163,3,400,15,Afternoon,10
2025-10-24 16:00:00,190,4,200,16,Afternoon,10
2025-10-24 17:00:00,197,4,400,17,Afternoon,10
2025-10-24 18:00:00,110,1,400,18,Evening,10
2025-10-24 19:00:00,153,2,500,19,Evening,10
2025-10-24 20:00:00,144,3,500,20,Evening,10
2025-10-25 08:00:00,146,2,500,8,Morning,10
2025-10-25 09:00:00,111,2,300,9,Morning,10
2025-10-25 10:00:00,120,4,300,10,Morning,10
2025-10-25 11:00:00,110,2,400,11,Morning,10
2025-10-25 12:00:00,191,1,400,12,Afternoon,10
2025-10-25 13:00:00,104,4,200,13,Afternoon,10
2025-10-25 14:00:00,180,2,200,14,Afternoon,10
2025-10-25 15:00:00,155,4,400,15,Afternoon,10
2025-10-25 16:00:00,119,1,300,16,Afternoon,10
2025-10-25 17:00:00,140,1,400,17,Afternoon,10
2025-10-25 18:00:00,145,2,200,18,Evening,10
2025-10-25 19:00:00,111,4,300,19,Evening,10
2025-10-25 20:00:00,169,2,300,20,Evening,10
2025-10-26 08:00:00,116,2,200,8,Morning,10
2025-10-26 09:00:00,118,4,400,9,Morning,10
2025-10-26 10:00:00,125,2,500,10,Morning,10
2025-10-26 11:00:00,147,1,400,11,Morning,10
2025-10-26 12:00:00,151,4,400,12,Afternoon,10
2025-10-26 13:00:00,195,4,200,13,Afternoon,10
2025-10-26 14:00:00,169,4,300,14,Afternoon,10
2025-10-26 15:00:00,154,4,200,15,Afternoon,10
2025-10-26 16:00:00,199,2,400,16,Afternoon,10
2025-10-26 17:00:00,174,2,500,17,Afternoon,10
2025-10-26 18:00:00,132,1,500,18,Evening,10
2025-10-26 19:00:00,161,3,500,19,Evening,10
2025-10-26 20:00:00,187,3,200,20,Evening,10
2025-10-27 08:00:00,122,1,300,8,Morning,10
2025-10-27 09:00:00,114,3,200,9,Morning,10
2025-10-27 10:00:00,126,1,500,10,Morning,10
2025-10-27 11:00:00,174,2,400,11,Morning,10
2025-10-27 12:00:00,163,4,300,12,Afternoon,10
2025-10-27 13:00:00,180,4,200,13,Afternoon,10
2025-10-27 14:00:00,150,2,200,14,Afternoon,10
2025-10-27 15:00:00,152,4,300,15,Afternoon,10
2025-10-27 16:00:00,177,4,300,16,Afternoon,10
2025-10-27 17:00:00,190,3,400,17,Afternoon,10
2025-10-27 18:00:00,181,2,300,18,Evening,10
2025-10-27 19:00:00,191,3,400,19,Evening,10
2025-10-27 20:00:00,150,3,500,20,Evening,10
2025-10-28 08:00:00,146,4,500,8,Morning,10
2025-10-28 09:00:00,103,4,200,9,Morning,10
2025-10-28 10:00:00,106,2,500,10,Morning,10
2025-10-28 11:00:00,134,4,500,11,Morning,10
2025-10-28 12:00:00,147,4,400,12,Afternoon,10
2025-10-28 13:00:00,172,2,200,13,Afternoon,10
2025-10-28 14:00:00,171,4,300,14,Afternoon,10
2025-10-28 15:00:00,144,3,200,15,Afternoon,10
2025-10-28 16:00:00,180,2,500,16,Afternoon,10
2025-10-28 17:00:00,180,4,300,17,Afternoon,10
2025-10-28 18:00:00,196,1,200,18,Evening,10
2025-10-28 19:00:00,195,2,200,19,Evening,10
2025-10-28 20:00:00,171,2,200,20,Evening,10
2025-10-29 08:00:00,118,1,200,8,Morning,10
2025-10-29 09:00:00,162,4,400,9,Morning,10
2025-10-29 10:00:00,137,4,200,10,Morning,10
2025-10-29 11:00:00,166,2,500,11,Morning,10
2025-10-29 12:00:00,158,2,500,12,Afternoon,10
2025-10-29 13:00:00,168,4,400,13,Afternoon,10
2025-10-29 14:00:00,112,4,300,14,Afternoon,10
2025-10-29 15:00:00,146,3,300,15,Afternoon,10
2025-10-29 16:00:00,160,2,500,16,Afternoon,10
2025-10-29 17:00:00,130,2,500,17,Afternoon,10
2025-10-29 18:00:00,179,1,400,18,Evening,10
2025-10-29 19:00:00,195,3,300,19,Evening,10
2025-10-29 20:00:00,121,4,300,20,Evening,10
2025-10-30 08:00:00,192,3,200,8,Morning,10
2025-10-30 09:00:00,185,4,200,9,Morning,10
2025-10-30 10:00:00,142,4,200,10,Morning,10
2025-10-30 11:00:00,166,3,400,11,Morning,10
2025-10-30 12:00:00,153,2,500,12,Afternoon,10
2025-10-30 13:00:00,109,4,400,13,Afternoon,10
2025-10-30 14:00:00,141,3,300,14,Afternoon,10
2025-10-30 15:00:00,163,1,500,15,Afternoon,10
2025-10-30 16:00:00,120,3,200,16,Afternoon,10
2025-10-30 17:00:00,179,1,400,17,Afternoon,10
2025-10-30 18:00:00,175,4,400,18,Evening,10
2025-10-30 19:00:00,165,3,200,19,Evening,10
2025-10-30 20:00:00,140,3,400,20,Evening,10
2025-10-31 08:00:00,123,1,200,8,Morning,10
2025-10-31 09:00:00,134,3,300,9,Morning,10
2025-10-31 10:00:00,155,3,500,10,Morning,10
2025-10-31 11:00:00,129,4,300,11,Morning,10
2025-10-31 12:00:00,156,3,300,12,Afternoon,10
2025-10-31 13:00:00,193,2,200,13,Afternoon,10
2025-10-31 14:00:00,146,1,400,14,Afternoon,10
2025-10-31 15:00:00,134,3,300,15,Afternoon,10
2025-10-31 16:00:00,118,1,300,16,Afternoon,10
2025-10-31 17:00:00,107,1,300,17,Afternoon,10
2025-10-31 18:00:00,125,1,400,18,Evening,10
2025-10-31 19:00:00,170,3,400,19,Evening,10
2025-10-31 20:00:00,129,3,200,20,Evening,10
2025-11-01 08:00:00,106,1,300,8,Morning,11
2025-11-01 09:00:00,166,2,500,9,Morning,11
2025-11-01 10:00:00,164,1,400,10,Morning,11
2025-11-01 11:00:00,135,2,200,11,Morning,11
2025-11-01 12:00:00,124,1,300,12,Afternoon,11
2025-11-01 13:00:00,136,4,500,13,Afternoon,11
2025-11-01 14:00:00,100,1,400,14,Afternoon,11
2025-11-01 15:00:00,114,1,500,15,Afternoon,11
2025-11-01 16:00:00,136,3,400,16,Afternoon,11
2025-11-01 17:00:00,112,2,200,17,Afternoon,11
2025-11-01 18:00:00,107,4,500,18,Evening,11
2025-11-01 19:00:00,104,2,300,19,Evening,11
2025-11-01 20:00:00,159,4,300,20,Evening,11
2025-11-02 08:00:00,172,1,400,8,Morning,11
2025-11-02 09:00:00,100,3,300,9,Morning,11
2025-11-02 10:00:00,135,3,500,10,Morning,11
2025-11-02 11:00:00,134,2,200,11,Morning,11
2025-11-02 12:00:00,165,3,400,12,Afternoon,11
2025-11-02 13:00:00,162,2,500,13,Afternoon,11
2025-11-02 14:00:00,122,2,400,14,Afternoon,11
2025-11-02 15:00:00,108,4,200,15,Afternoon,11
2025-11-02 16:00:00,133,2,400,16,Afternoon,11
2025-11-02 17:00:00,145,4,300,17,Afternoon,11
2025-11-02 18:00:00,177,3,300,18,Evening,11
2025-11-02 19:00:00,103,2,400,19,Evening,11
2025-11-02 20:00:00,129,2,200,20,Evening,11
2025-11-03 08:00:00,194,1,200,8,Morning,11
2025-11-03 09:00:00,174,2,300,9,Morning,11
2025-11-03 10:00:00,198,2,200,10,Morning,11
2025-11-03 11:00:00,171,1,400,11,Morning,11
2025-11-03 12:00:00,102,1,500,12,Afternoon,11
2025-11-03 13:00:00,113,3,400,13,Afternoon,11
2025-11-03 14:00:00,159,2,300,14,Afternoon,11
2025-11-03 15:00:00,176,3,300,15,Afternoon,11
2025-11-03 16:00:00,144,3,300,16,Afternoon,11
2025-11-03 17:00:00,195,1,200,17,Afternoon,11
2025-11-03 18:00:00,133,4,400,18,Evening,11
2025-11-03 19:00:00,144,3,500,19,Evening,11
2025-11-03 20:00:00,160,4,400,20,Evening,11
2025-11-04 08:00:00,182,2,500,8,Morning,11
2025-11-04 09:00:00,115,1,400,9,Morning,11
2025-11-04 10:00:00,165,2,300,10,Morning,11
2025-11-04 11:00:00,139,2,500,11,Morning,11
2025-11-04 12:00:00,116,1,400,12,Afternoon,11
2025-11-04 13:00:00,133,2,200,13,Afternoon,11
2025-11-04 14:00:00,115,1,200,14,Afternoon,11
2025-11-04 15:00:00,159,4,400,15,Afternoon,11
2025-11-04 16:00:00,165,2,300,16,Afternoon,11
2025-11-04 17:00:00,165,1,500,17,Afternoon,11
2025-11-04 18:00:00,189,3,400,18,Evening,11
2025-11-04 19:00:00,112,2,200,19,Evening,11
2025-11-04 20:00:00,155,4,500,20,Evening,11
2025-11-05 08:00:00,130,1,200,8,Morning,11
2025-11-05 09:00:00,133,2,200,9,Morning,11
2025-11-05 10:00:00,138,2,400,10,Morning,11
2025-11-05 11:00:00,166,2,200,11,Morning,11
2025-11-05 12:00:00,107,4,500,12,Afternoon,11
2025-11-05 13:00:00,186,1,300,13,Afternoon,11
2025-11-05 14:00:00,177,3,400,14,Afternoon,11
2025-11-05 15:00:00,154,3,500,15,Afternoon,11
2025-11-05 16:00:00,126,3,400,16,Afternoon,11
2025-11-05 17:00:00,192,1,200,17,Afternoon,11
2025-11-05 18:00:00,152,3,200,18,Evening,11
2025-11-05 19:00:00,138,4,500,19,Evening,11
2025-11-05 20:00:00,164,1,500,20,Evening,11
2025-11-06 08:00:00,116,2,300,8,Morning,11
2025-11-06 09:00:00,129,4,500,9,Morning,11
2025-11-06 10:00:00,152,2,500,10,Morning,11
2025-11-06 11:00:00,112,3,400,11,Morning,11
2025-11-06 12:00:00,120,4,200,12,Afternoon,11
2025-11-06 13:00:00,118,1,500,13,Afternoon,11
2025-11-06 14:00:00,152,4,300,14,Afternoon,11
2025-11-06 15:00:00,118,2,500,15,Afternoon,11
2025-11-06 16:00:00,156,1,200,16,Afternoon,11
2025-11-06 17:00:00,124,4,500,17,Afternoon,11
2025-11-06 18:00:00,185,4,400,18,Evening,11
2025-11-06 19:00:00,130,4,200,19,Evening,11
2025-11-06 20:00:00,180,4,500,20,Evening,11
2025-11-07 08:00:00,154,1,400,8,Morning,11
2025-11-07 09:00:00,122,2,200,9,Morning,11
2025-11-07 10:00:00,131,4,500,10,Morning,11
2025-11-07 11:00:00,161,1,400,11,Morning,11
2025-11-07 12:00:00,173,2,300,12,Afternoon,11
2025-11-07 13:00:00,109,4,400,13,Afternoon,11
2025-11-07 14:00:00,199,2,300,14,Afternoon,11
2025-11-07 15:00:00,171,2,500,15,Afternoon,11
2025-11-07 16:00:00,153,1,400,16,Afternoon,11
2025-11-07 17:00:00,151,2,300,17,Afternoon,11
2025-11-07 18:00:00,119,1,200,18,Evening,11
2025-11-07 19:00:00,131,4,400,19,Evening,11
2025-11-07 20:00:00,113,2,500,20,Evening,11
2025-11-08 08:00:00,149,2,200,8,Morning,11
2025-11-08 09:00:00,127,3,300,9,Morning,11
2025-11-08 10:00:00,152,4,400,10,Morning,11
2025-11-08 11:00:00,123,4,400,11,Morning,11
2025-11-08 12:00:00,178,3,500,12,Afternoon,11
2025-11-08 13:00:00,121,3,200,13,Afternoon,11
2025-11-08 14:00:00,129,1,400,14,Afternoon,11
2025-11-08 15:00:00,162,1,400,15,Afternoon,11
2025-11-08 16:00:00,103,2,200,16,Afternoon,11
2025-11-08 17:00:00,176,2,400,17,Afternoon,11
2025-11-08 18:00:00,158,2,200,18,Evening,11
2025-11-08 19:00:00,186,2,200,19,Evening,11
2025-11-08 20:00:00,107,1,200,20,Evening,11
2025-11-09 08:00:00,181,4,500,8,Morning,11
2025-11-09 09:00:00,111,2,200,9,Morning,11
2025-11-09 10:00:00,130,4,200,10,Morning,11
2025-11-09 11:00:00,177,2,300,11,Morning,11
2025-11-09 12:00:00,133,3,300,12,Afternoon,11
2025-11-09 13:00:00,181,2,500,13,Afternoon,11
2025-11-09 14:00:00,197,2,200,14,Afternoon,11
2025-11-09 15:00:00,174,2,300,15,Afternoon,11
2025-11-09 16:00:00,175,1,300,16,Afternoon,11
2025-11-09 17:00:00,148,3,400,17,Afternoon,11
2025-11-09 18:00:00,178,2,200,18,Evening,11
2025-11-09 19:00:00,156,2,300,19,Evening,11
2025-11-09 20:00:00,194,4,500,20,Evening,11
2025-11-10 08:00:00,192,3,400,8,Morning,11
2025-11-10 09:00:00,125,2,400,9,Morning,11
2025-11-10 10:00:00,117,4,200,10,Morning,11
2025-11-10 11:00:00,195,4,200,11,Morning,11
2025-11-10 12:00:00,185,1,400,12,Afternoon,11
2025-11-10 13:00:00,137,4,500,13,Afternoon,11
2025-11-10 14:00:00,180,2,200,14,Afternoon,11
2025-11-10 15:00:00,186,1,200,15,Afternoon,11
2025-11-10 16:00:00,187,1,400,16,Afternoon,11
2025-11-10 17:00:00,149,2,400,17,Afternoon,11
2025-11-10 18:00:00,107,3,200,18,Evening,11
2025-11-10 19:00:00,140,4,300,19,Evening,11
2025-11-10 20:00:00,105,1,200,20,Evening,11
2025-11-11 08:00:00,168,3,300,8,Morning,11
2025-11-11 09:00:00,143,2,400,9,Morning,11
2025-11-11 10:00:00,163,4,300,10,Morning,11
2025-11-11 11:00:00,128,4,500,11,Morning,11
2025-11-11 12:00:00,127,1,400,12,Afternoon,11
2025-11-11 13:00:00,110,4,200,13,Afternoon,11
2025-11-11 14:00:00,164,4,200,14,Afternoon,11
2025-11-11 15:00:00,118,4,400,15,Afternoon,11
2025-11-11 16:00:00,108,4,400,16,Afternoon,11
2025-11-11 17:00:00,126,2,500,17,Afternoon,11
2025-11-11 18:00:00,133,3,400,18,Evening,11
2025-11-11 19:00:00,143,2,200,19,Evening,11
2025-11-11 20:00:00,167,2,500,20,Evening,11
2025-11-12 08:00:00,199,1,200,8,Morning,11
2025-11-12 09:00:00,181,4,300,9,Morning,11
2025-11-12 10:00:00,114,2,400,10,Morning,11
2025-11-12 11:00:00,150,4,300,11,Morning,11
2025-11-12 12:00:00,112,2,200,12,Afternoon,11
2025-11-12 13:00:00,182,2,300,13,Afternoon,11
2025-11-12 14:00:00,148,1,300,14,Afternoon,11
2025-11-12 15:00:00,169,3,200,15,Afternoon,11
2025-11-12 16:00:00,155,3,200,16,Afternoon,11
2025-11-12 17:00:00,175,2,400,17,Afternoon,11
2025-11-12 18:00:00,150,1,300,18,Evening,11
2025-11-12 19:00:00,136,4,500,19,Evening,11
2025-11-12 20:00:00,116,4,500,20,Evening,11
2025-11-13 08:00:00,157,2,200,8,Morning,11
2025-11-13 09:00:00,186,3,200,9,Morning,11
2025-11-13 10:00:00,189,1,300,10,Morning,11
2025-11-13 11:00:00,128,3,200,11,Morning,11
2025-11-13 12:00:00,132,4,500,12,Afternoon,11
2025-11-13 13:00:00,159,3,400,13,Afternoon,11
2025-11-13 14:00:00,190,4,400,14,Afternoon,11
2025-11-13 15:00:00,188,1,300,15,Afternoon,11
2025-11-13 16:00:00,154,1,400,16,Afternoon,11
2025-11-13 17:00:00,109,2,200,17,Afternoon,11
2025-11-13 18:00:00,146,2,200,18,Evening,11
2025-11-13 19:00:00,122,3,200,19,Evening,11
2025-11-13 20:00:00,184,1,200,20,Evening,11
2025-11-14 08:00:00,120,1,300,8,Morning,11
2025-11-14 09:00:00,112,2,400,9,Morning,11
2025-11-14 10:00:00,132,4,500,10,Morning,11
2025-11-14 11:00:00,123,3,400,11,Morning,11
2025-11-14 12:00:00,110,3,200,12,Afternoon,11
2025-11-14 13:00:00,116,2,500,13,Afternoon,11
2025-11-14 14:00:00,167,1,300,14,Afternoon,11
2025-11-14 15:00:00,146,2,200,15,Afternoon,11
2025-11-14 16:00:00,124,2,200,16,Afternoon,11
2025-11-14 17:00:00,193,2,500,17,Afternoon,11
2025-11-14 18:00:00,172,2,300,18,Evening,11
2025-11-14 19:00:00,120,4,500,19,Evening,11
2025-11-14 20:00:00,183,4,300,20,Evening,11
2025-11-15 08:00:00,182,1,200,8,Morning,11
2025-11-15 09:00:00,182,2,400,9,Morning,11
2025-11-15 10:00:00,111,4,200,10,Morning,11
2025-11-15 11:00:00,136,1,400,11,Morning,11
2025-11-15 12:00:00,141,2,400,12,Afternoon,11
2025-11-15 13:00:00,116,3,300,13,Afternoon,11
2025-11-15 14:00:00,147,4,500,14,Afternoon,11
2025-11-15 15:00:00,127,1,300,15,Afternoon,11
2025-11-15 16:00:00,140,3,200,16,Afternoon,11
2025-11-15 17:00:00,198,2,500,17,Afternoon,11
2025-11-15 18:00:00,146,2,400,18,Evening,11
2025-11-15 19:00:00,117,2,400,19,Evening,11
2025-11-15 20:00:00,177,4,200,20,Evening,11
2025-11-16 08:00:00,198,1,500,8,Morning,11
2025-11-16 09:00:00,170,3,200,9,Morning,11
2025-11-16 10:00:00,112,1,200,10,Morning,11
2025-11-16 11:00:00,181,4,300,11,Morning,11
2025-11-16 12:00:00,112,1,200,12,Afternoon,11
2025-11-16 13:00:00,199,4,500,13,Afternoon,11
2025-11-16 14:00:00,130,2,200,14,Afternoon,11
2025-11-16 15:00:00,101,3,500,15,Afternoon,11
2025-11-16 16:00:00,115,2,400,16,Afternoon,11
2025-11-16 17:00:00,108,1,200,17,Afternoon,11
2025-11-16 18:00:00,172,2,500,18,Evening,11
2025-11-16 19:00:00,137,3,400,19,Evening,11
2025-11-16 20:00:00,174,2,500,20,Evening,11
2025-11-17 08:00:00,153,3,400,8,Morning,11
2025-11-17 09:00:00,155,3,300,9,Morning,11
2025-11-17 10:00:00,185,2,200,10,Morning,11
2025-11-17 11:00:00,196,4,200,11,Morning,11
2025-11-17 12:00:00,199,1,400,12,Afternoon,11
2025-11-17 13:00:00,186,4,300,13,Afternoon,11
2025-11-17 14:00:00,144,4,500,14,Afternoon,11
2025-11-17 15:00:00,133,2,300,15,Afternoon,11
2025-11-17 16:00:00,108,1,500,16,Afternoon,11
2025-11-17 17:00:00,187,1,500,17,Afternoon,11
2025-11-17 18:00:00,107,4,200,18,Evening,11
2025-11-17 19:00:00,106,2,400,19,Evening,11
2025-11-17 20:00:00,135,1,200,20,Evening,11
2025-11-18 08:00:00,117,4,200,8,Morning,11
2025-11-18 09:00:00,102,1,200,9,Morning,11
2025-11-18 10:00:00,127,2,500,10,Morning,11
2025-11-18 11:00:00,169,2,200,11,Morning,11
2025-11-18 12:00:00,143,2,500,12,Afternoon,11
2025-11-18 13:00:00,120,1,400,13,Afternoon,11
2025-11-18 14:00:00,127,3,500,14,Afternoon,11
2025-11-18 15:00:00,153,1,500,15,Afternoon,11
2025-11-18 16:00:00,153,3,300,16,Afternoon,11
2025-11-18 17:00:00,164,2,200,17,Afternoon,11
2025-11-18 18:00:00,199,4,200,18,Evening,11
2025-11-18 19:00:00,120,3,200,19,Evening,11
2025-11-18 20:00:00,198,2,200,20,Evening,11
2025-11-19 08:00:00,112,2,300,8,Morning,11
2025-11-19 09:00:00,156,3,300,9,Morning,11
2025-11-19 10:00:00,148,4,300,10,Morning,11
2025-11-19 11:00:00,153,2,300,11,Morning,11
2025-11-19 12:00:00,109,3,200,12,Afternoon,11
2025-11-19 13:00:00,152,4,500,13,Afternoon,11
2025-11-19 14:00:00,143,4,400,14,Afternoon,11
2025-11-19 15:00:00,146,2,300,15,Afternoon,11
2025-11-19 16:00:00,152,1,500,16,Afternoon,11
2025-11-19 17:00:00,173,1,300,17,Afternoon,11
2025-11-19 18:00:00,145,2,200,18,Evening,11
2025-11-19 19:00:00,112,4,200,19,Evening,11
2025-11-19 20:00:00,136,2,500,20,Evening,11
2025-11-20 08:00:00,123,3,500,8,Morning,11
2025-11-20 09:00:00,101,1,500,9,Morning,11
2025-11-20 10:00:00,185,3,200,10,Morning,11
2025-11-20 11:00:00,180,2,200,11,Morning,11
2025-11-20 12:00:00,199,2,400,12,Afternoon,11
2025-11-20 13:00:00,113,4,500,13,Afternoon,11
2025-11-20 14:00:00,109,4,400,14,Afternoon,11
2025-11-20 15:00:00,134,4,300,15,Afternoon,11
2025-11-20 16:00:00,124,3,400,16,Afternoon,11
2025-11-20 17:00:00,102,4,300,17,Afternoon,11
2025-11-20 18:00:00,116,2,300,18,Evening,11
2025-11-20 19:00:00,111,4,400,19,Evening,11
2025-11-20 20:00:00,153,1,500,20,Evening,11
2025-11-21 08:00:00,123,4,300,8,Morning,11
2025-11-21 09:00:00,128,3,500,9,Morning,11
2025-11-21 10:00:00,142,1,200,10,Morning,11
2025-11-21 11:00:00,124,1,300,11,Morning,11
2025-11-21 12:00:00,199,1,200,12,Afternoon,11
2025-11-21 13:00:00,159,3,400,13,Afternoon,11
2025-11-21 14:00:00,189,2,500,14,Afternoon,11
2025-11-21 15:00:00,164,4,400,15,Afternoon,11
2025-11-21 16:00:00,183,1,300,16,Afternoon,11
2025-11-21 17:00:00,127,1,200,17,Afternoon,11
2025-11-21 18:00:00,115,1,300,18,Evening,11
2025-11-21 19:00:00,146,2,400,19,Evening,11
2025-11-21 20:00:00,180,2,500,20,Evening,11
2025-11-22 08:00:00,191,3,500,8,Morning,11
2025-11-22 09:00:00,157,2,300,9,Morning,11
2025-11-22 10:00:00,175,4,300,10,Morning,11
2025-11-22 11:00:00,126,3,200,11,Morning,11
2025-11-22 12:00:00,152,3,400,12,Afternoon,11
2025-11-22 13:00:00,141,4,300,13,Afternoon,11
2025-11-22 14:00:00,158,4,200,14,Afternoon,11
2025-11-22 15:00:00,146,4,300,15,Afternoon,11
2025-11-22 16:00:00,193,3,500,16,Afternoon,11
2025-11-22 17:00:00,133,3,200,17,Afternoon,11
2025-11-22 18:00:00,136,3,200,18,Evening,11
2025-11-22 19:00:00,105,4,300,19,Evening,11
2025-11-22 20:00:00,106,4,400,20,Evening,11
2025-11-23 08:00:00,195,1,500,8,Morning,11
2025-11-23 09:00:00,195,2,400,9,Morning,11
2025-11-23 10:00:00,124,1,200,10,Morning,11
2025-11-23 11:00:00,132,4,400,11,Morning,11
2025-11-23 12:00:00,154,3,200,12,Afternoon,11
2025-11-23 13:00:00,157,4,400,13,Afternoon,11
2025-11-23 14:00:00,106,2,300,14,Afternoon,11
2025-11-23 15:00:00,156,1,400,15,Afternoon,11
2025-11-23 16:00:00,111,1,200,16,Afternoon,11
2025-11-23 17:00:00,115,3,500,17,Afternoon,11
2025-11-23 18:00:00,179,1,500,18,Evening,11
2025-11-23 19:00:00,142,1,500,19,Evening,11
2025-11-23 20:00:00,199,4,200,20,Evening,11
2025-11-24 08:00:00,176,1,400,8,Morning,11
2025-11-24 09:00:00,106,1,500,9,Morning,11
2025-11-24 10:00:00,199,1,500,10,Morning,11
2025-11-24 11:00:00,150,3,500,11,Morning,11
2025-11-24 12:00:00,172,3,300,12,Afternoon,11
2025-11-24 13:00:00,131,4,200,13,Afternoon,11
2025-11-24 14:00:00,174,1,200,14,Afternoon,11
2025-11-24 15:00:00,107,3,200,15,Afternoon,11
2025-11-24 16:00:00,196,3,200,16,Afternoon,11
2025-11-24 17:00:00,186,4,200,17,Afternoon,11
2025-11-24 18:00:00,188,2,300,18,Evening,11
2025-11-24 19:00:00,171,1,400,19,Evening,11
2025-11-24 20:00:00,144,3,300,20,Evening,11
2025-11-25 08:00:00,185,4,500,8,Morning,11
2025-11-25 09:00:00,158,4,300,9,Morning,11
2025-11-25 10:00:00,103,4,200,10,Morning,11
2025-11-25 11:00:00,166,3,300,11,Morning,11
2025-11-25 12:00:00,128,1,200,12,Afternoon,11
2025-11-25 13:00:00,128,2,300,13,Afternoon,11
2025-11-25 14:00:00,197,1,200,14,Afternoon,11
2025-11-25 15:00:00,197,4,500,15,Afternoon,11
2025-11-25 16:00:00,127,4,200,16,Afternoon,11
2025-11-25 17:00:00,176,2,300,17,Afternoon,11
2025-11-25 18:00:00,178,1,500,18,Evening,11
2025-11-25 19:00:00,186,4,300,19,Evening,11
2025-11-25 20:00:00,143,4,500,20,Evening,11
2025-11-26 08:00:00,189,1,400,8,Morning,11
2025-11-26 09:00:00,103,4,400,9,Morning,11
2025-11-26 10:00:00,189,1,400,10,Morning,11
2025-11-26 11:00:00,108,4,300,11,Morning,11
2025-11-26 12:00:00,104,1,300,12,Afternoon,11
2025-11-26 13:00:00,155,2,500,13,Afternoon,11
2025-11-26 14:00:00,195,4,500,14,Afternoon,11
2025-11-26 15:00:00,183,2,500,15,Afternoon,11
2025-11-26 16:00:00,149,4,500,16,Afternoon,11
2025-11-26 17:00:00,174,4,200,17,Afternoon,11
2025-11-26 18:00:00,114,3,400,18,Evening,11
2025-11-26 19:00:00,131,1,200,19,Evening,11
2025-11-26 20:00:00,127,2,200,20,Evening,11
2025-11-27 08:00:00,121,2,200,8,Morning,11
2025-11-27 09:00:00,116,2,200,9,Morning,11
2025-11-27 10:00:00,158,1,400,10,Morning,11
2025-11-27 11:00:00,189,3,200,11,Morning,11
2025-11-27 12:00:00,170,2,500,12,Afternoon,11
2025-11-27 13:00:00,156,1,300,13,Afternoon,11
2025-11-27 14:00:00,125,4,500,14,Afternoon,11
2025-11-27 15:00:00,124,2,300,15,Afternoon,11
2025-11-27 16:00:00,109,2,500,16,Afternoon,11
2025-11-27 17:00:00,144,3,500,17,Afternoon,11
2025-11-27 18:00:00,182,2,300,18,Evening,11
2025-11-27 19:00:00,110,2,400,19,Evening,11
2025-11-27 20:00:00,176,4,200,20,Evening,11
2025-11-28 08:00:00,152,1,500,8,Morning,11
2025-11-28 09:00:00,171,1,400,9,Morning,11
2025-11-28 10:00:00,167,3,200,10,Morning,11
2025-11-28 11:00:00,194,4,400,11,Morning,11
2025-11-28 12:00:00,127,1,400,12,Afternoon,11
2025-11-28 13:00:00,174,4,200,13,Afternoon,11
2025-11-28 14:00:00,164,1,500,14,Afternoon,11
2025-11-28 15:00:00,148,4,400,15,Afternoon,11
2025-11-28 16:00:00,146,3,500,16,Afternoon,11
2025-11-28 17:00:00,151,2,500,17,Afternoon,11
2025-11-28 18:00:00,187,3,500,18,Evening,11
2025-11-28 19:00:00,153,1,200,19,Evening,11
2025-11-28 20:00:00,159,3,300,20,Evening,11
2025-11-29 08:00:00,156,2,500,8,Morning,11
2025-11-29 09:00:00,146,3,300,9,Morning,11
2025-11-29 10:00:00,130,1,300,10,Morning,11
2025-11-29 11:00:00,145,1,400,11,Morning,11
2025-11-29 12:00:00,125,3,500,12,Afternoon,11
2025-11-29 13:00:00,104,2,500,13,Afternoon,11
2025-11-29 14:00:00,183,3,500,14,Afternoon,11
2025-11-29 15:00:00,151,2,300,15,Afternoon,11
2025-11-29 16:00:00,174,4,200,16,Afternoon,11
2025-11-29 17:00:00,153,2,300,17,Afternoon,11
2025-11-29 18:00:00,132,4,500,18,Evening,11
2025-11-29 19:00:00,149,3,500,19,Evening,11
2025-11-29 20:00:00,137,2,500,20,Evening,11
2025-11-30 08:00:00,126,4,300,8,Morning,11
2025-11-30 09:00:00,197,4,500,9,Morning,11
2025-11-30 10:00:00,114,4,400,10,Morning,11
2025-11-30 11:00:00,195,1,500,11,Morning,11
2025-11-30 12:00:00,160,3,200,12,Afternoon,11
2025-11-30 13:00:00,120,4,400,13,Afternoon,11
2025-11-30 14:00:00,145,2,500,14,Afternoon,11
2025-11-30 15:00:00,168,4,400,15,Afternoon,11
2025-11-30 16:00:00,105,1,500,16,Afternoon,11
2025-11-30 17:00:00,137,3,200,17,Afternoon,11
2025-11-30 18:00:00,161,1,500,18,Evening,11
2025-11-30 19:00:00,185,1,400,19,Evening,11
2025-11-30 20:00:00,161,1,200,20,Evening,11
2025-12-01 08:00:00,181,2,300,8,Morning,12
2025-12-01 09:00:00,177,3,200,9,Morning,12
2025-12-01 10:00:00,173,3,200,10,Morning,12
2025-12-01 11:00:00,145,2,200,11,Morning,12
2025-12-01 12:00:00,112,3,400,12,Afternoon,12
2025-12-01 13:00:00,194,1,200,13,Afternoon,12
2025-12-01 14:00:00,193,3,500,14,Afternoon,12
2025-12-01 15:00:00,102,2,200,15,Afternoon,12
2025-12-01 16:00:00,193,1,200,16,Afternoon,12
2025-12-01 17:00:00,105,2,500,17,Afternoon,12
2025-12-01 18:00:00,192,4,500,18,Evening,12
2025-12-01 19:00:00,107,1,300,19,Evening,12
2025-12-01 20:00:00,143,1,200,20,Evening,12
2025-12-02 08:00:00,132,3,400,8,Morning,12
2025-12-02 09:00:00,180,1,200,9,Morning,12
2025-12-02 10:00:00,174,2,200,10,Morning,12
2025-12-02 11:00:00,176,3,500,11,Morning,12
2025-12-02 12:00:00,149,4,300,12,Afternoon,12
2025-12-02 13:00:00,110,2,200,13,Afternoon,12
2025-12-02 14:00:00,194,4,400,14,Afternoon,12
2025-12-02 15:00:00,127,4,200,15,Afternoon,12
2025-12-02 16:00:00,169,4,400,16,Afternoon,12
2025-12-02 17:00:00,140,1,500,17,Afternoon,12
2025-12-02 18:00:00,115,2,300,18,Evening,12
2025-12-02 19:00:00,167,2,200,19,Evening,12
2025-12-02 20:00:00,198,1,300,20,Evening,12
2025-12-03 08:00:00,147,3,200,8,Morning,12
2025-12-03 09:00:00,155,4,400,9,Morning,12
2025-12-03 10:00:00,163,2,300,10,Morning,12
2025-12-03 11:00:00,158,1,200,11,Morning,12
2025-12-03 12:00:00,189,4,500,12,Afternoon,12
2025-12-03 13:00:00,161,3,400,13,Afternoon,12
2025-12-03 14:00:00,175,3,300,14,Afternoon,12
2025-12-03 15:00:00,110,4,200,15,Afternoon,12
2025-12-03 16:00:00,188,3,300,16,Afternoon,12
2025-12-03 17:00:00,117,2,200,17,Afternoon,12
2025-12-03 18:00:00,118,2,400,18,Evening,12
2025-12-03 19:00:00,186,2,500,19,Evening,12
2025-12-03 20:00:00,154,3,400,20,Evening,12
2025-12-04 08:00:00,181,2,300,8,Morning,12
2025-12-04 09:00:00,125,1,300,9,Morning,12
2025-12-04 10:00:00,105,2,200,10,Morning,12
2025-12-04 11:00:00,103,2,400,11,Morning,12
2025-12-04 12:00:00,128,3,200,12,Afternoon,12
2025-12-04 13:00:00,158,2,400,13,Afternoon,12
2025-12-04 14:00:00,197,4,300,14,Afternoon,12
2025-12-04 15:00:00,116,1,200,15,Afternoon,12
2025-12-04 16:00:00,142,3,200,16,Afternoon,12
2025-12-04 17:00:00,179,1,400,17,Afternoon,12
2025-12-04 18:00:00,165,4,500,18,Evening,12
2025-12-04 19:00:00,133,3,400,19,Evening,12
2025-12-04 20:00:00,107,3,500,20,Evening,12
2025-12-05 08:00:00,112,2,400,8,Morning,12
2025-12-05 09:00:00,107,1,300,9,Morning,12
2025-12-05 10:00:00,193,4,200,10,Morning,12
2025-12-05 11:00:00,195,4,400,11,Morning,12
2025-12-05 12:00:00,199,3,300,12,Afternoon,12
2025-12-05 13:00:00,193,2,400,13,Afternoon,12
2025-12-05 14:00:00,164,3,200,14,Afternoon,12
2025-12-05 15:00:00,142,3,400,15,Afternoon,12
2025-12-05 16:00:00,138,3,500,16,Afternoon,12
2025-12-05 17:00:00,180,3,200,17,Afternoon,12
2025-12-05 18:00:00,158,4,500,18,Evening,12
2025-12-05 19:00:00,183,4,300,19,Evening,12
2025-12-05 20:00:00,187,3,300,20,Evening,12
2025-12-06 08:00:00,185,3,400,8,Morning,12
2025-12-06 09:00:00,192,2,500,9,Morning,12
2025-12-06 10:00:00,185,3,500,10,Morning,12
2025-12-06 11:00:00,143,4,200,11,Morning,12
2025-12-06 12:00:00,108,1,500,12,Afternoon,12
2025-12-06 13:00:00,136,4,500,13,Afternoon,12
2025-12-06 14:00:00,173,2,200,14,Afternoon,12
2025-12-06 15:00:00,135,4,200,15,Afternoon,12
2025-12-06 16:00:00,191,1,500,16,Afternoon,12
2025-12-06 17:00:00,127,3,400,17,Afternoon,12
2025-12-06 18:00:00,141,1,200,18,Evening,12
2025-12-06 19:00:00,142,3,200,19,Evening,12
2025-12-06 20:00:00,184,3,500,20,Evening,12
2025-12-07 08:00:00,187,4,500,8,Morning,12
2025-12-07 09:00:00,141,4,200,9,Morning,12
2025-12-07 10:00:00,165,4,500,10,Morning,12
2025-12-07 11:00:00,154,2,200,11,Morning,12
2025-12-07 12:00:00,171,4,400,12,Afternoon,12
2025-12-07 13:00:00,147,2,400,13,Afternoon,12
2025-12-07 14:00:00,190,4,200,14,Afternoon,12
2025-12-07 15:00:00,121,3,200,15,Afternoon,12
2025-12-07 16:00:00,126,2,300,16,Afternoon,12
2025-12-07 17:00:00,192,1,300,17,Afternoon,12
2025-12-07 18:00:00,166,2,500,18,Evening,12
2025-12-07 19:00:00,112,2,500,19,Evening,12
2025-12-07 20:00:00,144,1,200,20,Evening,12
2025-12-08 08:00:00,109,2,200,8,Morning,12
2025-12-08 09:00:00,199,3,300,9,Morning,12
2025-12-08 10:00:00,108,4,300,10,Morning,12
2025-12-08 11:00:00,153,1,200,11,Morning,12
2025-12-08 12:00:00,126,4,400,12,Afternoon,12
2025-12-08 13:00:00,133,3,400,13,Afternoon,12
2025-12-08 14:00:00,100,1,500,14,Afternoon,12
2025-12-08 15:00:00,131,4,200,15,Afternoon,12
2025-12-08 16:00:00,188,4,200,16,Afternoon,12
2025-12-08 17:00:00,192,3,500,17,Afternoon,12
2025-12-08 18:00:00,170,4,300,18,Evening,12
2025-12-08 19:00:00,166,3,300,19,Evening,12
2025-12-08 20:00:00,183,2,400,20,Evening,12
2025-12-09 08:00:00,119,3,200,8,Morning,12
2025-12-09 09:00:00,193,2,300,9,Morning,12
2025-12-09 10:00:00,134,1,400,10,Morning,12
2025-12-09 11:00:00,198,4,400,11,Morning,12
2025-12-09 12:00:00,190,3,400,12,Afternoon,12
2025-12-09 13:00:00,189,3,300,13,Afternoon,12
2025-12-09 14:00:00,177,4,300,14,Afternoon,12
2025-12-09 15:00:00,116,4,200,15,Afternoon,12
2025-12-09 16:00:00,117,1,200,16,Afternoon,12
2025-12-09 17:00:00,144,1,400,17,Afternoon,12
2025-12-09 18:00:00,192,3,400,18,Evening,12
2025-12-09 19:00:00,183,1,300,19,Evening,12
2025-12-09 20:00:00,152,2,300,20,Evening,12
2025-12-10 08:00:00,190,1,200,8,Morning,12
2025-12-10 09:00:00,181,1,200,9,Morning,12
2025-12-10 10:00:00,167,3,500,10,Morning,12
2025-12-10 11:00:00,164,2,200,11,Morning,12
2025-12-10 12:00:00,100,1,300,12,Afternoon,12
2025-12-10 13:00:00,157,2,400,13,Afternoon,12
2025-12-10 14:00:00,125,2,500,14,Afternoon,12
2025-12-10 15:00:00,119,2,200,15,Afternoon,12
2025-12-10 16:00:00,186,4,200,16,Afternoon,12
2025-12-10 17:00:00,109,4,300,17,Afternoon,12
2025-12-10 18:00:00,158,4,500,18,Evening,12
2025-12-10 19:00:00,174,4,200,19,Evening,12
2025-12-10 20:00:00,140,3,400,20,Evening,12
2025-12-11 08:00:00,104,1,300,8,Morning,12
2025-12-11 09:00:00,164,4,500,9,Morning,12
2025-12-11 10:00:00,116,3,200,10,Morning,12
2025-12-11 11:00:00,121,1,200,11,Morning,12
2025-12-11 12:00:00,197,4,500,12,Afternoon,12
2025-12-11 13:00:00,140,1,300,13,Afternoon,12
2025-12-11 14:00:00,192,4,500,14,Afternoon,12
2025-12-11 15:00:00,167,3,500,15,Afternoon,12
2025-12-11 16:00:00,168,2,300,16,Afternoon,12
2025-12-11 17:00:00,110,2,200,17,Afternoon,12
2025-12-11 18:00:00,155,1,400,18,Evening,12
2025-12-11 19:00:00,150,3,300,19,Evening,12
2025-12-11 20:00:00,120,2,400,20,Evening,12
2025-12-12 08:00:00,198,4,200,8,Morning,12
2025-12-12 09:00:00,175,2,500,9,Morning,12
2025-12-12 10:00:00,125,1,400,10,Morning,12
2025-12-12 11:00:00,118,1,200,11,Morning,12
2025-12-12 12:00:00,159,3,200,12,Afternoon,12
2025-12-12 13:00:00,170,1,500,13,Afternoon,12
2025-12-12 14:00:00,146,2,500,14,Afternoon,12
2025-12-12 15:00:00,170,2,200,15,Afternoon,12
2025-12-12 16:00:00,125,2,200,16,Afternoon,12
2025-12-12 17:00:00,139,2,400,17,Afternoon,12
2025-12-12 18:00:00,104,3,200,18,Evening,12
2025-12-12 19:00:00,120,4,200,19,Evening,12
2025-12-12 20:00:00,177,4,400,20,Evening,12
2025-12-13 08:00:00,103,3,300,8,Morning,12
2025-12-13 09:00:00,122,1,400,9,Morning,12
2025-12-13 10:00:00,183,4,400,10,Morning,12
2025-12-13 11:00:00,114,1,500,11,Morning,12
2025-12-13 12:00:00,192,4,400,12,Afternoon,12
2025-12-13 13:00:00,107,1,200,13,Afternoon,12
2025-12-13 14:00:00,140,3,200,14,Afternoon,12
2025-12-13 15:00:00,118,2,200,15,Afternoon,12
2025-12-13 16:00:00,145,1,300,16,Afternoon,12
2025-12-13 17:00:00,127,2,200,17,Afternoon,12
2025-12-13 18:00:00,190,1,300,18,Evening,12
2025-12-13 19:00:00,167,1,200,19,Evening,12
2025-12-13 20:00:00,114,1,400,20,Evening,12
2025-12-14 08:00:00,198,1,500,8,Morning,12
2025-12-14 09:00:00,136,1,200,9,Morning,12
2025-12-14 10:00:00,100,2,300,10,Morning,12
2025-12-14 11:00:00,166,1,300,11,Morning,12
2025-12-14 12:00:00,123,2,500,12,Afternoon,12
2025-12-14 13:00:00,126,3,200,13,Afternoon,12
2025-12-14 14:00:00,139,4,400,14,Afternoon,12
2025-12-14 15:00:00,162,1,200,15,Afternoon,12
2025-12-14 16:00:00,160,4,200,16,Afternoon,12
2025-12-14 17:00:00,135,2,500,17,Afternoon,12
2025-12-14 18:00:00,197,3,200,18,Evening,12
2025-12-14 19:00:00,192,3,400,19,Evening,12
2025-12-14 20:00:00,123,3,300,20,Evening,12
2025-12-15 08:00:00,123,4,500,8,Morning,12
2025-12-15 09:00:00,103,2,400,9,Morning,12
2025-12-15 10:00:00,166,1,300,10,Morning,12
2025-12-15 11:00:00,133,1,500,11,Morning,12
2025-12-15 12:00:00,156,2,500,12,Afternoon,12
2025-12-15 13:00:00,148,4,300,13,Afternoon,12
2025-12-15 14:00:00,186,1,300,14,Afternoon,12
2025-12-15 15:00:00,152,2,400,15,Afternoon,12
2025-12-15 16:00:00,122,1,200,16,Afternoon,12
2025-12-15 17:00:00,168,3,200,17,Afternoon,12
2025-12-15 18:00:00,194,1,200,18,Evening,12
2025-12-15 19:00:00,152,4,200,19,Evening,12
2025-12-15 20:00:00,161,2,200,20,Evening,12
2025-12-16 08:00:00,140,4,400,8,Morning,12
2025-12-16 09:00:00,156,2,500,9,Morning,12
2025-12-16 10:00:00,159,3,400,10,Morning,12
2025-12-16 11:00:00,153,2,400,11,Morning,12
2025-12-16 12:00:00,169,1,400,12,Afternoon,12
2025-12-16 13:00:00,156,1,500,13,Afternoon,12
2025-12-16 14:00:00,109,3,400,14,Afternoon,12
2025-12-16 15:00:00,139,2,400,15,Afternoon,12
2025-12-16 16:00:00,106,3,500,16,Afternoon,12
2025-12-16 17:00:00,137,1,400,17,Afternoon,12
2025-12-16 18:00:00,184,4,200,18,Evening,12
2025-12-16 19:00:00,160,3,300,19,Evening,12
2025-12-16 20:00:00,183,4,400,20,Evening,12
2025-12-17 08:00:00,102,4,300,8,Morning,12
2025-12-17 09:00:00,150,2,400,9,Morning,12
2025-12-17 10:00:00,185,3,400,10,Morning,12
2025-12-17 11:00:00,146,4,200,11,Morning,12
2025-12-17 12:00:00,167,4,500,12,Afternoon,12
2025-12-17 13:00:00,191,2,300,13,Afternoon,12
2025-12-17 14:00:00,175,2,500,14,Afternoon,12
2025-12-17 15:00:00,137,1,200,15,Afternoon,12
2025-12-17 16:00:00,135,4,200,16,Afternoon,12
2025-12-17 17:00:00,140,1,300,17,Afternoon,12
2025-12-17 18:00:00,168,4,500,18,Evening,12
2025-12-17 19:00:00,112,1,200,19,Evening,12
2025-12-17 20:00:00,186,2,400,20,Evening,12
2025-12-18 08:00:00,157,3,400,8,Morning,12
2025-12-18 09:00:00,149,2,400,9,Morning,12
2025-12-18 10:00:00,129,1,500,10,Morning,12
2025-12-18 11:00:00,161,1,400,11,Morning,12
2025-12-18 12:00:00,124,3,400,12,Afternoon,12
2025-12-18 13:00:00,126,4,200,13,Afternoon,12
2025-12-18 14:00:00,150,1,200,14,Afternoon,12
2025-12-18 15:00:00,177,1,400,15,Afternoon,12
2025-12-18 16:00:00,156,1,400,16,Afternoon,12
2025-12-18 17:00:00,146,3,200,17,Afternoon,12
2025-12-18 18:00:00,199,2,300,18,Evening,12
2025-12-18 19:00:00,138,1,500,19,Evening,12
2025-12-18 20:00:00,115,3,500,20,Evening,12
2025-12-19 08:00:00,121,1,200,8,Morning,12
2025-12-19 09:00:00,184,4,500,9,Morning,12
2025-12-19 10:00:00,153,3,200,10,Morning,12
2025-12-19 11:00:00,120,1,200,11,Morning,12
2025-12-19 12:00:00,171,3,200,12,Afternoon,12
2025-12-19 13:00:00,115,1,200,13,Afternoon,12
2025-12-19 14:00:00,158,2,300,14,Afternoon,12
2025-12-19 15:00:00,130,1,400,15,Afternoon,12
2025-12-19 16:00:00,141,3,400,16,Afternoon,12
2025-12-19 17:00:00,173,4,300,17,Afternoon,12
2025-12-19 18:00:00,131,4,500,18,Evening,12
2025-12-19 19:00:00,158,4,500,19,Evening,12
2025-12-19 20:00:00,133,1,400,20,Evening,12
2025-12-20 08:00:00,108,2,500,8,Morning,12
2025-12-20 09:00:00,180,1,400,9,Morning,12
2025-12-20 10:00:00,110,4,400,10,Morning,12
2025-12-20 11:00:00,195,3,300,11,Morning,12
2025-12-20 12:00:00,109,4,500,12,Afternoon,12
2025-12-20 13:00:00,185,3,300,13,Afternoon,12
2025-12-20 14:00:00,116,2,400,14,Afternoon,12
2025-12-20 15:00:00,167,3,400,15,Afternoon,12
2025-12-20 16:00:00,147,1,400,16,Afternoon,12
2025-12-20 17:00:00,151,1,200,17,Afternoon,12
2025-12-20 18:00:00,124,1,200,18,Evening,12
2025-12-20 19:00:00,120,3,200,19,Evening,12
2025-12-20 20:00:00,164,1,300,20,Evening,12
2025-12-21 08:00:00,162,1,400,8,Morning,12
2025-12-21 09:00:00,188,1,500,9,Morning,12
2025-12-21 10:00:00,150,2,300,10,Morning,12
2025-12-21 11:00:00,135,3,300,11,Morning,12
2025-12-21 12:00:00,180,3,300,12,Afternoon,12
2025-12-21 13:00:00,187,4,500,13,Afternoon,12
2025-12-21 14:00:00,165,3,400,14,Afternoon,12
2025-12-21 15:00:00,114,2,200,15,Afternoon,12
2025-12-21 16:00:00,195,3,400,16,Afternoon,12
2025-12-21 17:00:00,138,2,400,17,Afternoon,12
2025-12-21 18:00:00,169,2,300,18,Evening,12
2025-12-21 19:00:00,100,3,300,19,Evening,12
2025-12-21 20:00:00,122,4,300,20,Evening,12
2025-12-22 08:00:00,138,1,200,8,Morning,12
2025-12-22 09:00:00,156,1,200,9,Morning,12
2025-12-22 10:00:00,180,3,200,10,Morning,12
2025-12-22 11:00:00,133,3,400,11,Morning,12
2025-12-22 12:00:00,140,2,300,12,Afternoon,12
2025-12-22 13:00:00,192,3,500,13,Afternoon,12
2025-12-22 14:00:00,172,2,400,14,Afternoon,12
2025-12-22 15:00:00,112,4,200,15,Afternoon,12
2025-12-22 16:00:00,169,3,500,16,Afternoon,12
2025-12-22 17:00:00,105,1,500,17,Afternoon,12
2025-12-22 18:00:00,183,1,300,18,Evening,12
2025-12-22 19:00:00,151,3,500,19,Evening,12
2025-12-22 20:00:00,102,2,200,20,Evening,12
2025-12-23 08:00:00,180,1,300,8,Morning,12
2025-12-23 09:00:00,162,2,500,9,Morning,12
2025-12-23 10:00:00,148,3,300,10,Morning,12
2025-12-23 11:00:00,175,3,500,11,Morning,12
2025-12-23 12:00:00,146,1,400,12,Afternoon,12
2025-12-23 13:00:00,154,3,400,13,Afternoon,12
2025-12-23 14:00:00,163,4,200,14,Afternoon,12
2025-12-23 15:00:00,164,4,400,15,Afternoon,12
2025-12-23 16:00:00,180,1,400,16,Afternoon,12
2025-12-23 17:00:00,166,4,400,17,Afternoon,12
2025-12-23 18:00:00,189,2,500,18,Evening,12
2025-12-23 19:00:00,114,1,500,19,Evening,12
2025-12-23 20:00:00,199,1,300,20,Evening,12
2025-12-24 08:00:00,131,2,500,8,Morning,12
2025-12-24 09:00:00,195,4,400,9,Morning,12
2025-12-24 10:00:00,167,4,500,10,Morning,12
2025-12-24 11:00:00,117,4,200,11,Morning,12
2025-12-24 12:00:00,182,1,300,12,Afternoon,12
2025-12-24 13:00:00,142,1,300,13,Afternoon,12
2025-12-24 14:00:00,134,4,500,14,Afternoon,12
2025-12-24 15:00:00,177,3,400,15,Afternoon,12
2025-12-24 16:00:00,157,4,300,16,Afternoon,12
2025-12-24 17:00:00,132,2,200,17,Afternoon,12
2025-12-24 18:00:00,113,1,200,18,Evening,12
2025-12-24 19:00:00,133,2,300,19,Evening,12
2025-12-24 20:00:00,160,2,400,20,Evening,12
2025-12-25 08:00:00,103,1,400,8,Morning,12
2025-12-25 09:00:00,187,3,500,9,Morning,12
2025-12-25 10:00:00,158,4,500,10,Morning,12
2025-12-25 11:00:00,128,2,300,11,Morning,12
2025-12-25 12:00:00,182,1,500,12,Afternoon,12
2025-12-25 13:00:00,105,2,500,13,Afternoon,12
2025-12-25 14:00:00,196,4,500,14,Afternoon,12
2025-12-25 15:00:00,148,3,200,15,Afternoon,12
2025-12-25 16:00:00,139,3,500,16,Afternoon,12
2025-12-25 17:00:00,182,3,300,17,Afternoon,12
2025-12-25 18:00:00,164,1,400,18,Evening,12
2025-12-25 19:00:00,168,1,500,19,Evening,12
2025-12-25 20:00:00,126,3,400,20,Evening,12
2025-12-26 08:00:00,179,4,500,8,Morning,12
2025-12-26 09:00:00,105,4,300,9,Morning,12
2025-12-26 10:00:00,112,1,200,10,Morning,12
2025-12-26 11:00:00,163,3,300,11,Morning,12
2025-12-26 12:00:00,161,4,200,12,Afternoon,12
2025-12-26 13:00:00,198,4,500,13,Afternoon,12
2025-12-26 14:00:00,118,4,500,14,Afternoon,12
2025-12-26 15:00:00,175,1,200,15,Afternoon,12
2025-12-26 16:00:00,179,3,300,16,Afternoon,12
2025-12-26 17:00:00,142,2,300,17,Afternoon,12
2025-12-26 18:00:00,173,3,200,18,Evening,12
2025-12-26 19:00:00,188,3,500,19,Evening,12
2025-12-26 20:00:00,119,1,200,20,Evening,12
2025-12-27 08:00:00,194,4,500,8,Morning,12
2025-12-27 09:00:00,167,4,200,9,Morning,12
2025-12-27 10:00:00,143,1,500,10,Morning,12
2025-12-27 11:00:00,122,1,200,11,Morning,12
2025-12-27 12:00:00,101,1,400,12,Afternoon,12
2025-12-27 13:00:00,121,1,500,13,Afternoon,12
2025-12-27 14:00:00,156,1,300,14,Afternoon,12
2025-12-27 15:00:00,171,2,200,15,Afternoon,12
2025-12-27 16:00:00,106,3,300,16,Afternoon,12
2025-12-27 17:00:00,177,3,200,17,Afternoon,12
2025-12-27 18:00:00,155,3,300,18,Evening,12
2025-12-27 19:00:00,166,4,300,19,Evening,12
2025-12-27 20:00:00,115,2,200,20,Evening,12
2025-12-28 08:00:00,182,3,200,8,Morning,12
2025-12-28 09:00:00,150,4,300,9,Morning,12
2025-12-28 10:00:00,181,2,300,10,Morning,12
2025-12-28 11:00:00,179,2,300,11,Morning,12
2025-12-28 12:00:00,171,4,500,12,Afternoon,12
2025-12-28 13:00:00,196,2,500,13,Afternoon,12
2025-12-28 14:00:00,111,4,400,14,Afternoon,12
2025-12-28 15:00:00,152,3,500,15,Afternoon,12
2025-12-28 16:00:00,174,4,500,16,Afternoon,12
2025-12-28 17:00:00,104,2,200,17,Afternoon,12
2025-12-28 18:00:00,126,3,400,18,Evening,12
2025-12-28 19:00:00,111,3,400,19,Evening,12
2025-12-28 20:00:00,116,1,500,20,Evening,12
2025-12-29 08:00:00,105,1,200,8,Morning,12
2025-12-29 09:00:00,196,2,200,9,Morning,12
2025-12-29 10:00:00,104,4,400,10,Morning,12
2025-12-29 11:00:00,156,4,200,11,Morning,12
2025-12-29 12:00:00,127,2,300,12,Afternoon,12
2025-12-29 13:00:00,177,3,500,13,Afternoon,12
2025-12-29 14:00:00,168,2,300,14,Afternoon,12
2025-12-29 15:00:00,158,2,400,15,Afternoon,12
2025-12-29 16:00:00,132,3,400,16,Afternoon,12
2025-12-29 17:00:00,161,4,200,17,Afternoon,12
2025-12-29 18:00:00,149,2,200,18,Evening,12
2025-12-29 19:00:00,118,4,400,19,Evening,12
2025-12-29 20:00:00,185,2,400,20,Evening,12
2025-12-30 08:00:00,168,3,300,8,Morning,12
2025-12-30 09:00:00,165,3,300,9,Morning,12
2025-12-30 10:00:00,193,1,200,10,Morning,12
2025-12-30 11:00:00,146,3,300,11,Morning,12
2025-12-30 12:00:00,138,1,200,12,Afternoon,12
2025-12-30 13:00:00,167,2,200,13,Afternoon,12
2025-12-30 14:00:00,132,4,500,14,Afternoon,12
2025-12-30 15:00:00,112,3,200,15,Afternoon,12
2025-12-30 16:00:00,183,3,300,16,Afternoon,12
2025-12-30 17:00:00,153,3,400,17,Afternoon,12
2025-12-30 18:00:00,106,2,400,18,Evening,12
2025-12-30 19:00:00,178,1,300,19,Evening,12
2025-12-30 20:00:00,186,2,400,20,Evening,12
2025-12-31 08:00:00,113,4,200,8,Morning,12
2025-12-31 09:00:00,186,2,400,9,Morning,12
2025-12-31 10:00:00,118,4,300,10,Morning,12
2025-12-31 11:00:00,153,3,400,11,Morning,12
2025-12-31 12:00:00,192,4,200,12,Afternoon,12
2025-12-31 13:00:00,119,4,200,13,Afternoon,12
2025-12-31 14:00:00,128,1,300,14,Afternoon,12
2025-12-31 15:00:00,123,4,300,15,Afternoon,12
2025-12-31 16:00:00,181,4,300,16,Afternoon,12
2025-12-31 17:00:00,162,2,500,17,Afternoon,12
2025-12-31 18:00:00,173,3,500,18,Evening,12
2025-12-31 19:00:00,156,2,200,19,Evening,12
2025-12-31 20:00:00,107,2,500,20,Evening,12
